period,date,site,diver,transect,side,dist,Sbulb_max,comments
2019-Jul,2019-07-06,North,LL,2,L,17.6,28,
2019-Jul,2019-07-06,North,LL,2,L,17.5,29,
2019-Jul,2019-07-06,North,LL,2,R,13.8,39,
2019-Jul,2019-07-06,North,LL,2,L,4.8,50,
2019-Jul,2019-07-06,North,LL,2,R,1.5,50,
2019-Jul,2019-07-06,North,LL,1,L,4.5,20,
2019-Jul,2019-07-06,North,LL,1,L,5.3,32,
2019-Jul,2019-07-06,North,LL,1,L,7.5,40,
2019-Jul,2019-07-06,North,DNO,3,L,12.8,39,
2019-Jul,2019-07-06,North,DNO,3,L,10,26,
2019-Jul,2019-07-06,North,DNO,3,R,7,33,
2019-Jul,2019-07-06,North,DNO,3,R,10.4,34,
2019-Jul,2019-07-06,North,DNO,3,R,16,42,
2019-Jul,2019-07-06,North,DNO,3,R,17.2,30,
2019-Jul,2019-07-06,North,DNO,2,R,18.5,23,
2019-Jul,2019-07-06,Second,DNO,1,L,5.9,63,
2019-Jul,2019-07-06,Second,DNO,1,L,12.6,43,
2019-Jul,2019-07-06,Second,DNO,1,L,18,34,
2019-Jul,2019-07-06,Second,DNO,1,R,14,37,
2019-Jul,2019-07-06,Second,DNO,1,R,12,53,
2019-Jul,2019-07-06,Second,DNO,1,R,10,45,
2019-Jul,2019-07-06,Second,OP,3,R,8.5,37,
2019-Jul,2019-07-06,Second,OP,3,R,18.4,30,
2019-Jul,2019-07-06,Second,OP,3,R,18.3,16,
2019-Jul,2019-07-06,Second,OP,2,L,19.6,21,
2019-Jul,2019-07-06,Second,OP,2,L,16.7,10,
2019-Jul,2019-07-06,Second,OP,2,L,15.8,12,
2019-Jul,2019-07-06,Second,OP,2,R,14,16,
2019-Jul,2019-07-06,Second,OP,2,R,4,23,
2019-Jul,2019-07-06,Second,OP,2,R,4.1,37,
2019-Jul,2019-07-07,Triquetta,DNO,3,L,3.5,32,
2019-Jul,2019-07-07,Triquetta,DNO,3,L,5,50,
2019-Jul,2019-07-07,Triquetta,DNO,3,L,6,46,
2019-Jul,2019-07-07,Triquetta,DNO,3,R,9,56,
2019-Jul,2019-07-07,Triquetta,DNO,3,R,15,28,
2019-Jul,2019-07-07,Triquetta,DNO,2,L,5,50,
2019-Jul,2019-07-07,Triquetta,DNO,2,L,1,26,
2019-Jul,2019-07-07,Triquetta,OP,1,R,18.3,42,
2019-Jul,2019-07-07,Triquetta,OP,1,L,17.5,22,
2019-Jul,2019-07-07,Triquetta,OP,1,L,9,25,
2019-Jul,2019-07-07,Triquetta,OP,1,L,0.8,23,
2019-Jul,2019-07-07,Triquetta,OP,1,R,3.5,34,
2019-Jul,2019-07-07,Triquetta,OP,2,R,6,48,
2019-Jul,2019-07-07,Triquetta,OP,2,L,10.9,32,
2019-Jul,2019-07-07,Triquetta,OP,2,L,19,39,
2020-Jul,2020-07-11,North,OP/BT,na,na,na,58,
2020-Jul,2020-07-11,North,OP/BT,na,na,na,41,
2020-Jul,2020-07-11,North,OP/BT,na,na,na,52,
2020-Jul,2020-07-11,North,OP/BT,na,na,na,45,
2020-Jul,2020-07-11,North,OP/BT,na,na,na,68,
2020-Jul,2020-07-11,North,OP/BT,na,na,na,50,
2020-Jul,2020-07-11,North,KH/DVM,na,na,na,45,
2020-Jul,2020-07-11,North,KH/DVM,na,na,na,28,
2020-Jul,2020-07-11,North,KH/DVM,na,na,na,45,
2020-Jul,2020-07-11,North,KH/DVM,na,na,na,59,
2020-Jul,2020-07-11,North,KH/DVM,na,na,na,57,
2020-Jul,2020-07-11,North,KH/DVM,na,na,na,50,
2020-Jul,2020-07-11,North,KH/DVM,na,na,na,70,
2020-Jul,2020-07-11,North,KH/DVM,na,na,na,40,
2020-Jul,2020-07-11,North,KH/DVM,na,na,na,50,
2020-Jul,2020-07-11,Triquetta,OP/BT,1,L,1.5,12,
2020-Jul,2020-07-11,Triquetta,OP/BT,1,L,6.5,17,
2020-Jul,2020-07-11,Triquetta,OP/BT,1,L,10,19,
2020-Jul,2020-07-11,Triquetta,OP/BT,1,R,13.5,49,
2020-Jul,2020-07-11,Triquetta,OP/BT,3,L,16.5,38,
2020-Jul,2020-07-11,Triquetta,OP/BT,3,L,15,20,
2020-Jul,2020-07-11,Triquetta,KH/DVM,2,R,4,30,
2020-Jul,2020-07-11,Triquetta,KH/DVM,2,R,7,29,
2020-Jul,2020-07-11,Triquetta,KH/DVM,2,L,10,40,
2020-Jul,2020-07-11,Triquetta,KH/DVM,2,L,14,39,
2020-Jul,2020-07-11,Triquetta,KH/DVM,2,L,18.5,39,
2020-Jul,2020-07-11,Triquetta,KH/DVM,1,L,20,32,
2020-Jul,2020-07-11,Triquetta,KH/DVM,3,R,1,26,
2020-Jul,2020-07-11,Triquetta,KH/DVM,3,L,6,25,
2020-Jul,2020-07-11,Triquetta,KH/DVM,3,R,10,38,
2020-Jul,2020-07-11,Second,KH/DVM,na,na,na,19,
2020-Jul,2020-07-11,Second,KH/DVM,na,na,na,32,
2020-Jul,2020-07-11,Second,KH/DVM,na,na,na,29,
2020-Jul,2020-07-11,Second,KH/DVM,na,na,na,38,
2020-Jul,2020-07-11,Second,KH/DVM,na,na,na,38,
2020-Jul,2020-07-11,Second,KH/DVM,na,na,na,36,
2020-Jul,2020-07-11,Second,KH/DVM,na,na,na,34,
2020-Jul,2020-07-11,Second,OP/BT,na,na,na,44,
2020-Jul,2020-07-11,Second,OP/BT,na,na,na,24,
2020-Jul,2020-07-11,Second,OP/BT,na,na,na,34,
2020-Jul,2020-07-11,Second,OP/BT,na,na,na,35,
2020-Jul,2020-07-11,Second,OP/BT,na,na,na,48,
2020-Jul,2020-07-11,Second,OP/BT,na,na,na,50,
2020-Jul,2020-07-11,Second,OP/BT,na,na,na,45,
2020-Jul,2020-07-11,Manley,OP/BT,na,na,na,26,
2020-Jul,2020-07-11,Manley,OP/BT,na,na,na,26,
2020-Jul,2020-07-11,Manley,OP/BT,na,na,na,52,
2020-Jul,2020-07-11,Manley,OP/BT,na,na,na,36,
2020-Jul,2020-07-11,Manley,OP/BT,na,na,na,25,
2020-Jul,2020-07-11,Manley,OP/BT,na,na,na,52,
2020-Jul,2020-07-11,Manley,OP/BT,na,na,na,40,
2020-Jul,2020-07-11,Manley,OP/BT,na,na,na,21,
2020-Jul,2020-07-11,Manley,OP/BT,na,na,na,28,
2020-Jul,2020-07-11,Manley,DVM/LL,na,na,na,34,
2020-Jul,2020-07-11,Manley,DVM/LL,na,na,na,43,
2020-Jul,2020-07-11,Manley,DVM/LL,na,na,na,41,
2020-Jul,2020-07-11,Manley,DVM/LL,na,na,na,35,
2020-Jul,2020-07-11,Manley,DVM/LL,na,na,na,45,
2020-Jul,2020-07-11,Manley,DVM/LL,na,na,na,44,
2020-Jul,2020-07-06,Second_intertidal,OP,na,na,na,23,
2020-Jul,2020-07-06,Second_intertidal,OP,na,na,na,19,
2020-Jul,2020-07-06,Second_intertidal,OP,na,na,na,24,
2020-Jul,2020-07-06,Second_intertidal,OP,na,na,na,37,
2020-Jul,2020-07-06,Second_intertidal,OP,na,na,na,30,
2020-Jul,2020-07-06,Second_intertidal,OP,na,na,na,33,
2020-Jul,2020-07-06,Second_intertidal,OP,na,na,na,28,
2020-Jul,2020-07-06,Second_intertidal,OP,na,na,na,31,
2020-Jul,2020-07-06,Second_intertidal,OP,na,na,na,55,
2020-Jul,2020-07-06,Second_intertidal,OP,na,na,na,41,
2020-Jul,2020-07-06,Second_intertidal,OP,na,na,na,41,
2020-Jul,2020-07-06,Second_intertidal,OP,na,na,na,45,
2020-Jul,2020-07-06,Second_intertidal,OP,na,na,na,17,
2020-Jul,2020-07-06,Second_intertidal,OP,na,na,na,35,
2020-Jul,2020-07-06,Second_intertidal,OP,na,na,na,51,
2021-Jun,2021-06-10,Owen,OP,2,L,19.9,31,
2021-Jun,2021-06-10,Owen,OP,2,L,19,20,
2021-Jun,2021-06-10,Owen,OP,2,L,15.2,33,
2021-Jun,2021-06-10,Owen,OP,1,R,0,27,
2021-Jun,2021-06-10,Owen,OP,1,L,2,20,
2021-Jun,2021-06-10,Owen,OP,1,L,6.8,28,
2021-Jun,2021-06-10,Owen,OP,3,L,9.2,30,
2021-Jun,2021-06-10,Owen,MA,2,R,19.1,23,
2021-Jun,2021-06-10,Owen,MA,2,R,18.9,22,
2021-Jun,2021-06-10,Owen,MA,2,R,16.5,32,
2021-Jun,2021-06-10,Owen,MA,2,R,14.3,46,
2021-Jun,2021-06-10,Owen,MA,1,R,1.9,31,
2021-Jun,2021-06-10,Owen,MA,1,R,4.5,31,
2021-Jun,2021-06-10,Owen,MA,1,R,16,42,
2021-Jun,2021-06-10,Owen,MA,3,R,12,37,
2021-Jul,2021-07-07,Second,ZM,na,na,na,22,
2021-Jul,2021-07-07,Second,ZM,na,na,na,11,
2021-Jul,2021-07-07,Second,ZM,na,na,na,49,
2021-Jul,2021-07-07,Second,ZM,na,na,na,27,
2021-Jul,2021-07-07,Second,KH,na,na,na,43,
2021-Jul,2021-07-07,Second,KH,na,na,na,25,
2021-Jul,2021-07-07,Second,KH,na,na,na,29,
2021-Jul,2021-07-07,Second,KH,na,na,na,30,
2021-Jul,2021-07-07,Second,KH,na,na,na,43,
2021-Jul,2021-07-07,Second,KH,na,na,na,48,
2021-Jul,2021-07-07,Second,OP,na,na,na,49,
2021-Jul,2021-07-07,Second,OP,na,na,na,46,
2021-Jul,2021-07-07,Second,OP,na,na,na,36,
2021-Jul,2021-07-07,Second,OP,na,na,na,25,
2021-Jul,2021-07-07,Second,OP,na,na,na,46,
2021-Jul,2021-07-07,Ratatouille,ZM,2,R,1,52,
2021-Jul,2021-07-07,Ratatouille,ZM,2,L,10,38,
2021-Jul,2021-07-07,Ratatouille,ZM,2,R,17.5,36,
2021-Jul,2021-07-07,Ratatouille,KH,3,R,7.8,46,
2021-Jul,2021-07-07,Ratatouille,KH,3,L,11.5,54,
2021-Jul,2021-07-07,Ratatouille,KH,3,L,13.5,42,
2021-Jul,2021-07-07,Ratatouille,KH,3,R,14,40,
2021-Jul,2021-07-07,Ratatouille,OP,1,L,1,27,
2021-Jul,2021-07-07,Ratatouille,OP,1,R,2,34,
2021-Jul,2021-07-07,Ratatouille,OP,1,L,4,43,
2021-Jul,2021-07-07,Ratatouille,OP,1,R,6.5,39,
2021-Jul,2021-07-07,North,OP,na,na,na,54,
2021-Jul,2021-07-07,North,OP,na,na,na,35,
2021-Jul,2021-07-07,North,OP,na,na,na,56,
2021-Jul,2021-07-07,North,OP,na,na,na,35,
2021-Jul,2021-07-07,North,OP,na,na,na,52,
2021-Jul,2021-07-07,North,ZM,na,na,na,45,
2021-Jul,2021-07-07,North,ZM,na,na,na,41,
2021-Jul,2021-07-07,North,ZM,na,na,na,43,
2021-Jul,2021-07-07,North,KH,na,na,na,40,
2021-Jul,2021-07-07,North,KH,na,na,na,32,
2021-Jul,2021-07-07,North,KH,na,na,na,55,
2021-Jul,2021-07-07,North,KH,na,na,na,55,
2021-Jul,2021-07-07,North,KH,na,na,na,53,
2021-Jul,2021-07-08,Triquetta,ZM,1,R,0,10,
2021-Jul,2021-07-08,Triquetta,ZM,1,L,1.3,36,
2021-Jul,2021-07-08,Triquetta,ZM,1,R,3.2,10,
2021-Jul,2021-07-08,Triquetta,ZM,1,L,13.2,21,
2021-Jul,2021-07-08,Triquetta,ZM,1,R,19,17,
2021-Jul,2021-07-08,Triquetta,DVM,2,R,2,50,
2021-Jul,2021-07-08,Triquetta,DVM,2,L,5,20,
2021-Jul,2021-07-08,Triquetta,DVM,2,R,7,11,
2021-Jul,2021-07-08,Triquetta,DVM,2,L,11.5,14,
2021-Jul,2021-07-08,Triquetta,KH,3,L,2,23,
2021-Jul,2021-07-08,Triquetta,KH,3,L,4,28,
2021-Jul,2021-07-08,Triquetta,KH,3,L,7.5,29,
2021-Jul,2021-07-08,Triquetta,KH,3,L,19,50,
2021-Jul,2021-07-08,Triquetta,KH,3,L,17,15,
2021-Jul,2021-07-08,Triquetta,KH,3,R,14.5,50,
2021-Jul,2021-07-08,Breaker,KH,3,R,1,29,
2021-Jul,2021-07-08,Breaker,KH,3,L,7,37,
2021-Jul,2021-07-08,Breaker,KH,3,L,19,54,
2021-Jul,2021-07-08,Breaker,DVM,2,R,1,40,
2021-Jul,2021-07-08,Breaker,DVM,2,R,3,20,
2021-Jul,2021-07-08,Breaker,DVM,2,R,5,43,
2021-Jul,2021-07-08,Breaker,DVM,2,R,15,32,
2021-Jul,2021-07-08,Breaker,DVM,2,L,19.5,33,
2021-Jul,2021-07-08,Breaker,ZM,1,L,0.5,25,
2021-Jul,2021-07-08,Breaker,ZM,1,R,4.5,43,
2021-Jul,2021-07-08,Breaker,ZM,1,R,13,41,
2021-Jul,2021-07-08,Breaker,ZM,1,R,17.5,30,
2021-Jul,2021-07-08,Manley,DVM,2,L,18,55,
2021-Jul,2021-07-08,Manley,DVM,2,R,17.5,19,
2021-Jul,2021-07-08,Manley,DVM,2,L,13,24,
2021-Jul,2021-07-08,Manley,KH,3,R,4.2,12,
2021-Jul,2021-07-08,Manley,KH,3,R,4,25,
2021-Jul,2021-07-08,Manley,KH,3,L,3,16,
2021-Jul,2021-07-08,Manley,KH,3,L,3.5,16,
2021-Jul,2021-07-08,Manley,ZM,1,R,12,40,
2021-Jul,2021-07-08,Manley,ZM,1,L,6,16,
2021-Jul,2021-07-08,Manley,ZM,1,L,18,28,
2022-May,2022-05-06,Owen,DVM,2,na,na,16,
2022-May,2022-05-06,Owen,DVM,2,na,na,22,
2022-May,2022-05-06,Owen,DVM,2,na,na,25,
2022-May,2022-05-06,Owen,DVM,2,na,na,36,
2022-May,2022-05-06,Owen,DVM,2,na,na,32,
2022-May,2022-05-06,Owen,DVM,2,na,na,18,
2022-May,2022-05-06,Owen,DVM,2,na,na,16,
2022-May,2022-05-06,Owen,DVM,2,na,na,31,
2022-May,2022-05-06,Owen,DVM,2,na,na,36,
2022-May,2022-05-06,Owen,DVM,2,na,na,25,
2022-May,2022-05-06,Owen,DVM,2,na,na,22,
2022-May,2022-05-06,Owen,DVM,2,na,na,37,
2022-May,2022-05-06,Owen,DVM,2,na,na,26,
2022-May,2022-05-06,Owen,DVM,2,na,na,35,
2022-May,2022-05-06,Owen,DVM,2,na,na,22,
2022-May,2022-05-06,Owen,DVM,1,na,na,14,
2022-May,2022-05-06,Owen,DVM,1,na,na,25,
2022-May,2022-05-06,Owen,DVM,1,na,na,13,
2022-May,2022-05-06,Owen,DVM,1,na,na,12,
2022-May,2022-05-06,Owen,DVM,1,na,na,21,
2022-May,2022-05-06,Owen,DVM,1,na,na,16,
2022-May,2022-05-06,Owen,DVM,1,na,na,14,
2022-May,2022-05-06,Owen,DVM,1,na,na,24,
2022-May,2022-05-06,Owen,DVM,1,na,na,15,
2022-May,2022-05-06,Owen,DVM,1,na,na,22,
2022-May,2022-05-06,Owen,DVM,1,na,na,10,
2022-May,2022-05-06,Owen,DVM,1,na,na,24,
2022-May,2022-05-06,Owen,DVM,1,na,na,21,
2022-May,2022-05-06,Owen,DVM,1,na,na,10,
2022-May,2022-05-06,Owen,DVM,1,na,na,12,
2022-May,2022-05-06,Owen,DVM,3,na,na,22,
2022-May,2022-05-06,Owen,DVM,3,na,na,24,
2022-May,2022-05-06,Owen,DVM,3,na,na,24,
2022-May,2022-05-06,Owen,DVM,3,na,na,32,
2022-May,2022-05-06,Owen,DVM,3,na,na,30,
2022-May,2022-05-06,Owen,DVM,3,na,na,10,
2022-May,2022-05-06,Owen,DVM,3,na,na,17,
2022-May,2022-05-06,Owen,DVM,3,na,na,27,
2022-May,2022-05-06,Owen,DVM,3,na,na,20,
2022-May,2022-05-06,Owen,DVM,3,na,na,21,
2022-May,2022-05-06,Owen,DVM,3,na,na,15,
2022-May,2022-05-06,Owen,DVM,3,na,na,16,
2022-May,2022-05-06,Owen,DVM,3,na,na,30,
2022-May,2022-05-06,Owen,DVM,3,na,na,26,
2022-May,2022-05-06,Owen,DVM,3,na,na,12,
2022-Jun,2022-06-27,Owen,ZM,1,na,na,18,
2022-Jun,2022-06-27,Owen,ZM,1,na,na,20,
2022-Jun,2022-06-27,Owen,ZM,1,na,na,27,
2022-Jun,2022-06-27,Owen,ZM,1,na,na,39,
2022-Jun,2022-06-27,Owen,ZM,1,na,na,31,
2022-Jun,2022-06-27,Owen,ZM,1,na,na,25,
2022-Jun,2022-06-27,Owen,ZM,1,na,na,28,
2022-Jun,2022-06-27,Owen,ZM,1,na,na,25,
2022-Jun,2022-06-27,Owen,ZM,1,na,na,31,
2022-Jun,2022-06-27,Owen,ZM,1,na,na,24,
2022-Jun,2022-06-27,Owen,ZM,1,na,na,35,
2022-Jun,2022-06-27,Owen,ZM,1,na,na,20,
2022-Jun,2022-06-27,Owen,ZM,1,na,na,24,
2022-Jun,2022-06-27,Owen,ZM,1,na,na,24,
2022-Jun,2022-06-27,Owen,ZM,1,na,na,32,
2022-Jun,2022-06-27,Owen,LL,2,na,na,21,
2022-Jun,2022-06-27,Owen,LL,2,na,na,31,
2022-Jun,2022-06-27,Owen,LL,2,na,na,25,
2022-Jun,2022-06-27,Owen,LL,2,na,na,23,
2022-Jun,2022-06-27,Owen,LL,2,na,na,34,
2022-Jun,2022-06-27,Owen,LL,2,na,na,6,
2022-Jun,2022-06-27,Owen,LL,2,na,na,10,
2022-Jun,2022-06-27,Owen,LL,2,na,na,26,
2022-Jun,2022-06-27,Owen,LL,2,na,na,35,
2022-Jun,2022-06-27,Owen,LL,2,na,na,10,
2022-Jun,2022-06-27,Owen,LL,2,na,na,25,
2022-Jun,2022-06-27,Owen,LL,2,na,na,24,
2022-Jun,2022-06-27,Owen,LL,2,na,na,22,
2022-Jun,2022-06-27,Owen,LL,2,na,na,21,
2022-Jun,2022-06-27,Owen,LL,2,na,na,16,
2022-Jun,2022-06-27,Owen,LL,3,na,na,20,
2022-Jun,2022-06-27,Owen,LL,3,na,na,25,
2022-Jun,2022-06-27,Owen,LL,3,na,na,15,
2022-Jun,2022-06-27,Owen,LL,3,na,na,12,
2022-Jun,2022-06-27,Owen,LL,3,na,na,11,
2022-Jun,2022-06-27,Owen,LL,3,na,na,37,
2022-Jun,2022-06-27,Owen,LL,3,na,na,21,
2022-Jun,2022-06-27,Owen,LL,3,na,na,11,
2022-Jun,2022-06-27,Owen,LL,3,na,na,27,
2022-Jun,2022-06-27,Owen,LL,3,na,na,16,
2022-Jun,2022-06-27,Owen,LL,3,na,na,30,
2022-Jun,2022-06-27,Owen,LL,3,na,na,45,
2022-Jun,2022-06-27,Owen,LL,3,na,na,38,
2022-Jun,2022-06-27,Owen,LL,3,na,na,32,
2022-Jun,2022-06-27,Owen,LL,3,na,na,29,
2022-Jul,2022-07-13,Second,BT,na,na,na,38,
2022-Jul,2022-07-10,Manley,OP,3,na,na,19,
2022-Jul,2022-07-10,Manley,OP,3,na,na,11,
2022-Jul,2022-07-10,Manley,OP,3,na,na,17,
2022-Jul,2022-07-10,Manley,OP,3,na,na,27,
2022-Jul,2022-07-10,Manley,OP,3,na,na,44,
2022-Jul,2022-07-10,Manley,OP,3,na,na,22,
2022-Jul,2022-07-10,Manley,OP,3,na,na,29,
2022-Jul,2022-07-10,Manley,OP,3,na,na,41,
2022-Jul,2022-07-10,Manley,OP,3,na,na,30,
2022-Jul,2022-07-10,Manley,OP,3,na,na,32,
2022-Jul,2022-07-10,Manley,OP,3,na,na,26,
2022-Jul,2022-07-10,Manley,OP,3,na,na,25,
2022-Jul,2022-07-10,Manley,OP,3,na,na,34,
2022-Jul,2022-07-10,Manley,OP,3,na,na,36,
2022-Jul,2022-07-10,Manley,OP,3,na,na,45,
2022-Jul,2022-07-10,Manley,OP,3,na,na,29,
2022-Jul,2022-07-10,Manley,OP,3,na,na,36,
2022-Jul,2022-07-10,Breaker,OP,3,na,na,15,
2022-Jul,2022-07-10,Breaker,OP,3,na,na,16,
2022-Jul,2022-07-10,Breaker,OP,3,na,na,22,
2022-Jul,2022-07-10,Breaker,OP,3,na,na,26,
2022-Jul,2022-07-10,Breaker,OP,3,na,na,28,
2022-Jul,2022-07-10,Breaker,OP,3,na,na,24,
2022-Jul,2022-07-10,Breaker,OP,3,na,na,32,
2022-Jul,2022-07-10,Breaker,OP,3,na,na,16,
2022-Jul,2022-07-10,Breaker,OP,3,na,na,34,
2022-Jul,2022-07-10,Breaker,OP,3,na,na,41,
2022-Jul,2022-07-10,Breaker,OP,3,na,na,14,
2022-Jul,2022-07-10,Breaker,OP,3,na,na,22,
2022-Jul,2022-07-10,Breaker,OP,3,na,na,27,
2022-Jul,2022-07-10,Breaker,OP,3,na,na,34,
2022-Jul,2022-07-10,Breaker,OP,3,na,na,39,
2022-Jul,2022-07-10,Breaker,OP,3,na,na,47,
2022-Jul,2022-07-10,Breaker,OP,3,na,na,47,
2022-Jul,2022-07-10,Breaker,OP,3,na,na,26,
2022-Jul,2022-07-10,Breaker,OP,2,na,na,26,
2022-Jul,2022-07-10,Breaker,OP,2,na,na,40,
2022-Jul,2022-07-10,Breaker,OP,2,na,na,31,
2022-Jul,2022-07-10,Breaker,OP,2,na,na,47,
2022-Jul,2022-07-10,Breaker,OP,2,na,na,44,
2022-Jul,2022-07-10,Breaker,OP,2,na,na,50,
2022-Jul,2022-07-10,Breaker,OP,2,na,na,52,
2022-Jul,2022-07-10,Breaker,OP,2,na,na,57,
2022-Jul,2022-07-10,Breaker,OP,2,na,na,20,
2022-Jul,2022-07-10,Breaker,OP,2,na,na,17,
2022-Jul,2022-07-10,Breaker,OP,2,na,na,9,
2022-Jul,2022-07-10,Breaker,OP,2,na,na,18,
2022-Jul,2022-07-10,Breaker,OP,2,na,na,15,
2022-Jul,2022-07-10,Manley,DVM,1,na,na,25,
2022-Jul,2022-07-10,Manley,DVM,1,na,na,35,
2022-Jul,2022-07-10,Manley,DVM,1,na,na,16,
2022-Jul,2022-07-10,Manley,DVM,1,na,na,25,
2022-Jul,2022-07-10,Manley,DVM,1,na,na,15,
2022-Jul,2022-07-10,Manley,DVM,1,na,na,25,
2022-Jul,2022-07-10,Manley,DVM,1,na,na,32,
2022-Jul,2022-07-10,Manley,DVM,1,na,na,25,
2022-Jul,2022-07-10,Manley,DVM,1,na,na,11,
2022-Jul,2022-07-10,Manley,DVM,1,na,na,44,
2022-Jul,2022-07-10,Manley,DVM,1,na,na,12,
2022-Jul,2022-07-10,Manley,DVM,1,na,na,21,
2022-Jul,2022-07-10,Manley,DVM,1,na,na,20,
2022-Jul,2022-07-10,Manley,DVM,1,na,na,6,
2022-Jul,2022-07-10,Manley,DVM,1,na,na,18,
2022-Jul,2022-07-10,Manley,DVM,1,na,na,12,
2022-Jul,2022-07-10,Manley,DVM,1,na,na,29,
2022-Jul,2022-07-10,Manley,DVM,1,na,na,16,
2022-Jul,2022-07-10,Manley,DVM,1,na,na,14,
2022-Jul,2022-07-10,Manley,DVM,1,na,na,12,
2022-Jul,2022-07-10,Manley,DVM,1,na,na,32,
2022-Jul,2022-07-10,Manley,DVM,1,na,na,19,
2022-Jul,2022-07-10,Manley,DVM,1,na,na,18,
2022-Jul,2022-07-10,Manley,DVM,1,na,na,19,
2022-Jul,2022-07-10,Manley,DVM,1,na,na,24,
2022-Jul,2022-07-10,Manley,DVM,1,na,na,14,
2022-Jul,2022-07-10,Breaker,DVM,2,na,na,40,
2022-Jul,2022-07-10,Breaker,DVM,2,na,na,21,
2022-Jul,2022-07-10,Breaker,DVM,2,na,na,24,
2022-Jul,2022-07-10,Breaker,DVM,2,na,na,32,
2022-Jul,2022-07-10,Breaker,DVM,2,na,na,45,
2022-Jul,2022-07-10,Breaker,DVM,2,na,na,51,
2022-Jul,2022-07-10,Breaker,DVM,2,na,na,36,
2022-Jul,2022-07-10,Breaker,DVM,2,na,na,38,
2022-Jul,2022-07-10,Breaker,DVM,2,na,na,34,
2022-Jul,2022-07-10,Breaker,DVM,2,na,na,44,
2022-Jul,2022-07-10,Breaker,DVM,2,na,na,52,
2022-Jul,2022-07-10,Breaker,DVM,2,na,na,22,
2022-Jul,2022-07-10,Breaker,DVM,2,na,na,41,
2022-Jul,2022-07-10,Breaker,DVM,2,na,na,27,
2022-Jul,2022-07-10,Breaker,DVM,2,na,na,20,
2022-Jul,2022-07-10,Manley,DVM,2,na,na,23,
2022-Jul,2022-07-10,Manley,DVM,2,na,na,20,
2022-Jul,2022-07-10,Manley,DVM,2,na,na,35,
2022-Jul,2022-07-10,Manley,DVM,2,na,na,31,
2022-Jul,2022-07-10,Manley,DVM,2,na,na,27,
2022-Jul,2022-07-10,Manley,DVM,2,na,na,39,
2022-Jul,2022-07-10,Manley,DVM,2,na,na,26,
2022-Jul,2022-07-10,Manley,DVM,2,na,na,12,
2022-Jul,2022-07-10,Manley,DVM,2,na,na,17,
2022-Jul,2022-07-10,Manley,DVM,2,na,na,13,
2022-Jul,2022-07-10,Manley,DVM,2,na,na,40,
2022-Jul,2022-07-10,Manley,DVM,2,na,na,28,
2022-Jul,2022-07-10,Manley,DVM,2,na,na,14,
2022-Jul,2022-07-10,Manley,DVM,2,na,na,26,
2022-Jul,2022-07-10,Manley,DVM,2,na,na,21,
2022-Jul,2022-07-10,Breaker,DVM,1,na,na,16,
2022-Jul,2022-07-10,Breaker,DVM,1,na,na,24,
2022-Jul,2022-07-10,Breaker,DVM,1,na,na,22,
2022-Jul,2022-07-10,Breaker,DVM,1,na,na,25,
2022-Jul,2022-07-10,Breaker,DVM,1,na,na,32,
2022-Jul,2022-07-10,Breaker,DVM,1,na,na,9,
2022-Jul,2022-07-10,Breaker,DVM,1,na,na,14,
2022-Jul,2022-07-10,Breaker,DVM,1,na,na,24,
2022-Jul,2022-07-10,Breaker,DVM,1,na,na,19,
2022-Jul,2022-07-10,Breaker,DVM,1,na,na,42,
2022-Jul,2022-07-10,Breaker,DVM,1,na,na,49,
2022-Jul,2022-07-10,Breaker,DVM,1,na,na,19,
2022-Jul,2022-07-10,Breaker,DVM,1,na,na,44,
2022-Jul,2022-07-10,Breaker,DVM,1,na,na,42,
2022-Jul,2022-07-10,Breaker,DVM,1,na,na,42,
2022-Jul,2022-07-10,Breaker,DVM,1,na,na,10,
2022-Jul,2022-07-10,Breaker,DVM,1,na,na,10,
2022-Jul,2022-07-10,Breaker,DVM,1,na,na,13,
2022-Jul,2022-07-10,Breaker,DVM,1,na,na,26,
2022-Jul,2022-07-10,Breaker,DVM,1,na,na,43,
2022-Jul,2022-07-10,Breaker,DVM,1,na,na,17,
2022-Jul,2022-07-10,Breaker,DVM,1,na,na,12,
2022-Jul,2022-07-10,Breaker,DVM,1,na,na,18,
2022-Jul,2022-07-10,Breaker,DVM,1,na,na,19,
2022-Jul,2022-07-10,Breaker,DVM,1,na,na,34,
2022-Jul,2022-07-10,Breaker,DVM,1,na,na,14,
2022-Jul,2022-07-10,Breaker,DVM,1,na,na,15,
2022-Jul,2022-07-10,Breaker,DVM,1,na,na,23,
2022-Jul,2022-07-12,Triquetta,KH,3,na,na,35,
2022-Jul,2022-07-12,Triquetta,KH,3,na,na,18,
2022-Jul,2022-07-12,Triquetta,KH,3,na,na,4,
2022-Jul,2022-07-12,Triquetta,KH,3,na,na,21,
2022-Jul,2022-07-12,Triquetta,KH,3,na,na,18,
2022-Jul,2022-07-12,Triquetta,KH,3,na,na,22,
2022-Jul,2022-07-12,Triquetta,KH,3,na,na,18,
2022-Jul,2022-07-12,Triquetta,KH,3,na,na,16,
2022-Jul,2022-07-12,Triquetta,KH,3,na,na,13,
2022-Jul,2022-07-12,Triquetta,KH,3,na,na,16,
2022-Jul,2022-07-12,Triquetta,KH,3,na,na,16,
2022-Jul,2022-07-12,Triquetta,KH,3,na,na,22,
2022-Jul,2022-07-12,Triquetta,KH,3,na,na,40,
2022-Jul,2022-07-12,Triquetta,KH,3,na,na,18,
2022-Jul,2022-07-12,Triquetta,KH,3,na,na,43,
2022-Jul,2022-07-12,Triquetta,KH,3,na,na,14,
2022-Jul,2022-07-12,Ratatouille,KH,2,na,na,11,
2022-Jul,2022-07-12,Ratatouille,KH,2,na,na,36,
2022-Jul,2022-07-12,Ratatouille,KH,2,na,na,41,
2022-Jul,2022-07-12,Ratatouille,KH,2,na,na,27,
2022-Jul,2022-07-12,Ratatouille,KH,2,na,na,22,
2022-Jul,2022-07-12,Ratatouille,KH,2,na,na,33,
2022-Jul,2022-07-12,Ratatouille,KH,2,na,na,62,
2022-Jul,2022-07-12,Ratatouille,KH,2,na,na,30,
2022-Jul,2022-07-12,Ratatouille,KH,2,na,na,35,
2022-Jul,2022-07-12,Ratatouille,KH,2,na,na,9,
2022-Jul,2022-07-12,Ratatouille,KH,2,na,na,43,
2022-Jul,2022-07-12,Ratatouille,KH,2,na,na,17,
2022-Jul,2022-07-12,Ratatouille,KH,2,na,na,18,
2022-Jul,2022-07-12,Ratatouille,KH,2,na,na,27,
2022-Jul,2022-07-12,Ratatouille,KH,2,na,na,20,
2022-Jul,2022-07-12,Ratatouille,OP,1,na,na,17,
2022-Jul,2022-07-12,Ratatouille,OP,1,na,na,19,
2022-Jul,2022-07-12,Ratatouille,OP,1,na,na,41,
2022-Jul,2022-07-12,Ratatouille,OP,1,na,na,45,
2022-Jul,2022-07-12,Ratatouille,OP,1,na,na,22,
2022-Jul,2022-07-12,Ratatouille,OP,1,na,na,14,
2022-Jul,2022-07-12,Ratatouille,OP,1,na,na,52,
2022-Jul,2022-07-12,Ratatouille,OP,1,na,na,18,
2022-Jul,2022-07-12,Ratatouille,OP,1,na,na,55,
2022-Jul,2022-07-12,Ratatouille,OP,1,na,na,8,
2022-Jul,2022-07-12,Ratatouille,OP,1,na,na,9,
2022-Jul,2022-07-12,Ratatouille,OP,1,na,na,27,
2022-Jul,2022-07-12,Ratatouille,OP,1,na,na,54,
2022-Jul,2022-07-12,Ratatouille,OP,1,na,na,33,
2022-Jul,2022-07-12,Triquetta,OP,1,na,na,11,
2022-Jul,2022-07-12,Triquetta,OP,1,na,na,25,
2022-Jul,2022-07-12,Triquetta,OP,1,na,na,19,
2022-Jul,2022-07-12,Triquetta,OP,1,na,na,19,
2022-Jul,2022-07-12,Triquetta,OP,1,na,na,20,
2022-Jul,2022-07-12,Triquetta,OP,1,na,na,25,
2022-Jul,2022-07-12,Triquetta,OP,1,na,na,25,
2022-Jul,2022-07-12,Triquetta,OP,1,na,na,10,
2022-Jul,2022-07-12,Triquetta,OP,1,na,na,12,
2022-Jul,2022-07-12,Triquetta,OP,1,na,na,16,
2022-Jul,2022-07-12,Triquetta,OP,1,na,na,17,
2022-Jul,2022-07-12,Triquetta,OP,1,na,na,11,
2022-Jul,2022-07-12,Triquetta,OP,1,na,na,20,
2022-Jul,2022-07-12,Triquetta,OP,1,na,na,24,
2022-Jul,2022-07-12,Triquetta,OP,1,na,na,20,
2022-Jul,2022-07-12,Triquetta,OP,1,na,na,29,
2022-Jul,2022-07-12,Triquetta,OP,1,na,na,27,
2022-Jul,2022-07-12,Triquetta,OP,1,na,na,30,
2022-Jul,2022-07-12,Ratatouille,DVM,3,na,na,20,
2022-Jul,2022-07-12,Ratatouille,DVM,3,na,na,53,
2022-Jul,2022-07-12,Ratatouille,DVM,3,na,na,22,
2022-Jul,2022-07-12,Ratatouille,DVM,3,na,na,9,
2022-Jul,2022-07-12,Ratatouille,DVM,3,na,na,45,
2022-Jul,2022-07-12,Ratatouille,DVM,3,na,na,36,
2022-Jul,2022-07-12,Ratatouille,DVM,3,na,na,31,
2022-Jul,2022-07-12,Ratatouille,DVM,3,na,na,39,
2022-Jul,2022-07-12,Ratatouille,DVM,3,na,na,25,
2022-Jul,2022-07-12,Ratatouille,DVM,3,na,na,12,
2022-Jul,2022-07-12,Ratatouille,DVM,3,na,na,35,
2022-Jul,2022-07-12,Ratatouille,DVM,3,na,na,52,
2022-Jul,2022-07-12,Ratatouille,DVM,3,na,na,42,
2022-Jul,2022-07-12,Ratatouille,DVM,3,na,na,36,
2022-Jul,2022-07-12,Ratatouille,DVM,3,na,na,37,
2022-Jul,2022-07-12,Triquetta,DVM,2,na,na,12,
2022-Jul,2022-07-12,Triquetta,DVM,2,na,na,14,
2022-Jul,2022-07-12,Triquetta,DVM,2,na,na,28,
2022-Jul,2022-07-12,Triquetta,DVM,2,na,na,31,
2022-Jul,2022-07-12,Triquetta,DVM,2,na,na,44,
2022-Jul,2022-07-12,Triquetta,DVM,2,na,na,18,
2022-Jul,2022-07-12,Triquetta,DVM,2,na,na,35,
2022-Jul,2022-07-12,Triquetta,DVM,2,na,na,44,
2022-Jul,2022-07-12,Triquetta,DVM,2,na,na,12,
2022-Jul,2022-07-12,Triquetta,DVM,2,na,na,12,
2022-Jul,2022-07-12,Triquetta,DVM,2,na,na,20,
2022-Jul,2022-07-12,Triquetta,DVM,2,na,na,35,
2022-Jul,2022-07-12,Triquetta,DVM,2,na,na,22,
2022-Jul,2022-07-12,Triquetta,DVM,2,na,na,33,
2022-Jul,2022-07-12,Triquetta,DVM,2,na,na,51,
2022-Jul,2022-07-12,Triquetta,DVM,2,na,na,35,
2022-Aug,2022-08-25,Owen,OP/KP,na,na,na,33,
2022-Aug,2022-08-25,Owen,OP/KP,na,na,na,44,
2022-Aug,2022-08-25,Owen,OP/KP,na,na,na,37,
2022-Aug,2022-08-25,Owen,OP/KP,na,na,na,50,
2022-Aug,2022-08-25,Owen,OP/KP,na,na,na,41,
2022-Aug,2022-08-25,Owen,OP/KP,na,na,na,30,
2022-Aug,2022-08-25,Owen,OP/KP,na,na,na,32,
2022-Aug,2022-08-25,Owen,OP/KP,na,na,na,33,
2022-Aug,2022-08-02,Owen,OP,2,na,na,41,
2022-Aug,2022-08-02,Owen,OP,2,na,na,34,
2022-Aug,2022-08-02,Owen,OP,2,na,na,41,
2022-Aug,2022-08-02,Owen,OP,2,na,na,18,
2022-Aug,2022-08-02,Owen,OP,2,na,na,24,
2022-Aug,2022-08-02,Owen,OP,2,na,na,35,
2022-Aug,2022-08-02,Owen,OP,2,na,na,20,
2022-Aug,2022-08-02,Owen,OP,2,na,na,38,
2022-Aug,2022-08-02,Owen,OP,2,na,na,41,
2022-Aug,2022-08-02,Owen,OP,2,na,na,40,
2022-Aug,2022-08-02,Owen,OP,2,na,na,41,
2022-Aug,2022-08-02,Owen,OP,2,na,na,44,
2022-Aug,2022-08-02,Owen,OP,2,na,na,22,
2022-Aug,2022-08-02,Owen,OP,2,na,na,25,
2022-Aug,2022-08-02,Owen,OP,2,na,na,31,
2022-Aug,2022-08-02,Owen,OP,2,na,na,28,
2022-Aug,2022-08-02,Owen,OP,2,na,na,42,
2022-Aug,2022-08-02,Owen,OR,3,na,na,38,
2022-Aug,2022-08-02,Owen,KH,3,na,na,35,
2022-Aug,2022-08-02,Owen,KH,3,na,na,48,
2022-Aug,2022-08-02,Owen,KH,3,na,na,26,
2022-Aug,2022-08-02,Owen,KH,3,na,na,41,
2022-Aug,2022-08-02,Owen,KH,3,na,na,44,
2022-Aug,2022-08-02,Owen,KH,3,na,na,36,
2022-Aug,2022-08-02,Owen,KH,3,na,na,31,
2022-Aug,2022-08-02,Owen,KH,3,na,na,40,
2022-Aug,2022-08-02,Owen,KH,3,na,na,36,
2022-Aug,2022-08-02,Owen,KH,3,na,na,38,
2022-Aug,2022-08-02,Owen,KH,3,na,na,21,
2022-Aug,2022-08-02,Owen,KH,3,na,na,25,
2022-Aug,2022-08-02,Owen,KH,3,na,na,30,
2022-Aug,2022-08-02,Owen,KH,3,na,na,48,
2022-Aug,2022-08-02,Owen,KH,3,na,na,29,
2022-Aug,2022-08-02,Owen,KH,1,na,na,30,
2022-Aug,2022-08-02,Owen,KH,1,na,na,26,
2022-Aug,2022-08-02,Owen,KH,1,na,na,23,
2022-Aug,2022-08-02,Owen,KH,1,na,na,28,
2022-Aug,2022-08-02,Owen,KH,1,na,na,26,
2022-Aug,2022-08-02,Owen,KH,1,na,na,25,
2022-Aug,2022-08-02,Owen,KH,1,na,na,27,
2022-Aug,2022-08-02,Owen,KH,1,na,na,35,
2022-Aug,2022-08-02,Owen,KH,1,na,na,19,
2022-Aug,2022-08-02,Owen,KH,1,na,na,32,
2022-Aug,2022-08-02,Owen,KH,1,na,na,31,
2022-Aug,2022-08-02,Owen,KH,1,na,na,26,
2022-Aug,2022-08-02,Owen,KH,1,na,na,29,
2022-Aug,2022-08-02,Owen,KH,1,na,na,27,
2022-Aug,2022-08-02,Owen,KH,1,na,na,26,
2023-Jul,2023-07-14,Triquetta,JMS,2,na,na,7,
2023-Jul,2023-07-14,Triquetta,JMS,2,na,na,16,
2023-Jul,2023-07-14,Triquetta,JMS,2,na,na,5,
2023-Jul,2023-07-14,Triquetta,JMS,2,na,na,15,
2023-Jul,2023-07-14,Triquetta,JMS,2,na,na,9,
2023-Jul,2023-07-14,Triquetta,JMS,2,na,na,14,
2023-Jul,2023-07-14,Triquetta,JMS,2,na,na,25,
2023-Jul,2023-07-14,Triquetta,JMS,2,na,na,19,
2023-Jul,2023-07-14,Triquetta,JMS,2,na,na,11,
2023-Jul,2023-07-14,Triquetta,JMS,2,na,na,7,
2023-Jul,2023-07-14,Triquetta,JMS,2,na,na,43,
2023-Jul,2023-07-14,Triquetta,JMS,2,na,na,12,
2023-Jul,2023-07-14,Triquetta,JMS,2,na,na,13,
2023-Jul,2023-07-14,Triquetta,JMS,2,na,na,18,
2023-Jul,2023-07-14,Triquetta,JMS,2,na,na,53,
2023-Jul,2023-07-14,Triquetta,DVM,1,na,na,19,
2023-Jul,2023-07-14,Triquetta,DVM,1,na,na,13,
2023-Jul,2023-07-14,Triquetta,DVM,1,na,na,15,
2023-Jul,2023-07-14,Triquetta,DVM,1,na,na,36,
2023-Jul,2023-07-14,Triquetta,DVM,1,na,na,26,
2023-Jul,2023-07-14,Triquetta,DVM,1,na,na,31,
2023-Jul,2023-07-14,Triquetta,DVM,1,na,na,29,
2023-Jul,2023-07-14,Triquetta,DVM,1,na,na,11,
2023-Jul,2023-07-14,Triquetta,DVM,1,na,na,35,
2023-Jul,2023-07-14,Triquetta,DVM,1,na,na,13,
2023-Jul,2023-07-14,Triquetta,DVM,1,na,na,28,
2023-Jul,2023-07-14,Triquetta,DVM,1,na,na,16,
2023-Jul,2023-07-14,Triquetta,DVM,1,na,na,14,
2023-Jul,2023-07-14,Triquetta,DVM,1,na,na,12,
2023-Jul,2023-07-14,Triquetta,LL,3,na,na,23,
2023-Jul,2023-07-14,Triquetta,LL,3,na,na,36,
2023-Jul,2023-07-14,Triquetta,LL,3,na,na,14,
2023-Jul,2023-07-14,Triquetta,LL,3,na,na,34,
2023-Jul,2023-07-14,Triquetta,LL,3,na,na,2,
2023-Jul,2023-07-14,Triquetta,LL,3,na,na,13,
2023-Jul,2023-07-14,Triquetta,LL,3,na,na,5,
2023-Jul,2023-07-14,Triquetta,LL,3,na,na,14,
2023-Jul,2023-07-14,Triquetta,LL,3,na,na,45,
2023-Jul,2023-07-14,Triquetta,LL,3,na,na,53,
2023-Jul,2023-07-14,Triquetta,LL,3,na,na,18,
2023-Jul,2023-07-14,Triquetta,LL,3,na,na,6,
2023-Jul,2023-07-14,Triquetta,LL,3,na,na,23,
2023-Jul,2023-07-14,Triquetta,LL,3,na,na,10,
2023-Jul,2023-07-14,Triquetta,LL,3,na,na,46,
2023-Jul,2023-07-13,Ratatouille,DVM,1,na,na,25,
2023-Jul,2023-07-13,Ratatouille,DVM,1,na,na,40,
2023-Jul,2023-07-13,Ratatouille,DVM,1,na,na,45,
2023-Jul,2023-07-13,Ratatouille,DVM,1,na,na,55,
2023-Jul,2023-07-13,Ratatouille,DVM,1,na,na,25,
2023-Jul,2023-07-13,Ratatouille,DVM,1,na,na,15,
2023-Jul,2023-07-13,Ratatouille,DVM,1,na,na,39,
2023-Jul,2023-07-13,Ratatouille,DVM,1,na,na,42,
2023-Jul,2023-07-13,Ratatouille,DVM,1,na,na,32,
2023-Jul,2023-07-13,Ratatouille,DVM,1,na,na,45,
2023-Jul,2023-07-13,Ratatouille,DVM,1,na,na,50,
2023-Jul,2023-07-13,Ratatouille,DVM,1,na,na,36,
2023-Jul,2023-07-13,Ratatouille,DVM,1,na,na,28,
2023-Jul,2023-07-13,Ratatouille,DVM,1,na,na,55,
2023-Jul,2023-07-13,Ratatouille,DVM,1,na,na,47,
2023-Jul,2023-07-13,Ratatouille,DVM,1,na,na,36,
2023-Jul,2023-07-13,Ratatouille,DVM,1,na,na,37,
2023-Jul,2023-07-13,Ratatouille,DVM,1,na,na,21,
2023-Jul,2023-07-13,Ratatouille,DVM,1,na,na,44,
2023-Jul,2023-07-13,Ratatouille,DVM,1,na,na,36,
2023-Jul,2023-07-13,Ratatouille,DVM,1,na,na,30,
2023-Jul,2023-07-13,Ratatouille,DVM,1,na,na,29,
2023-Jul,2023-07-13,Ratatouille,JMS,3,na,na,37,
2023-Jul,2023-07-13,Ratatouille,JMS,3,na,na,11,
2023-Jul,2023-07-13,Ratatouille,JMS,3,na,na,56,
2023-Jul,2023-07-13,Ratatouille,JMS,3,na,na,15,
2023-Jul,2023-07-13,Ratatouille,JMS,3,na,na,43,
2023-Jul,2023-07-13,Ratatouille,JMS,3,na,na,42,
2023-Jul,2023-07-13,Ratatouille,JMS,3,na,na,30,
2023-Jul,2023-07-13,Ratatouille,JMS,3,na,na,54,
2023-Jul,2023-07-13,Ratatouille,JMS,3,na,na,23,
2023-Jul,2023-07-13,Ratatouille,JMS,3,na,na,57,
2023-Jul,2023-07-13,Ratatouille,JMS,3,na,na,20,
2023-Jul,2023-07-13,Ratatouille,JMS,3,na,na,38,
2023-Jul,2023-07-13,Ratatouille,JMS,3,na,na,16,
2023-Jul,2023-07-13,Ratatouille,JMS,3,na,na,38,
2023-Jul,2023-07-13,Ratatouille,JMS,3,na,na,9,
2023-Jul,2023-07-13,Breaker,OP,2,na,na,10,
2023-Jul,2023-07-13,Breaker,OP,2,na,na,22,
2023-Jul,2023-07-13,Breaker,OP,2,na,na,24,
2023-Jul,2023-07-13,Breaker,OP,2,na,na,23,
2023-Jul,2023-07-13,Breaker,OP,2,na,na,57,
2023-Jul,2023-07-13,Breaker,OP,2,na,na,14,
2023-Jul,2023-07-13,Breaker,OP,2,na,na,31,
2023-Jul,2023-07-13,Breaker,OP,2,na,na,41,
2023-Jul,2023-07-13,Breaker,OP,2,na,na,39,
2023-Jul,2023-07-13,Breaker,OP,2,na,na,31,
2023-Jul,2023-07-13,Breaker,OP,2,na,na,17,
2023-Jul,2023-07-13,Breaker,OP,2,na,na,42,
2023-Jul,2023-07-13,Breaker,OP,2,na,na,50,
2023-Jul,2023-07-13,Breaker,OP,2,na,na,36,
2023-Jul,2023-07-13,Breaker,OP,2,na,na,24,
2023-Jul,2023-07-13,Breaker,OP,2,na,na,23,
2023-Jul,2023-07-13,Breaker,OP,2,na,na,18,
2023-Jul,2023-07-13,Breaker,OP,2,na,na,48,
2023-Jul,2023-07-13,Breaker,OP,2,na,na,38,
2023-Jul,2023-07-13,Breaker,OP,2,na,na,40,
2023-Jul,2023-07-13,Breaker,OP,2,na,na,34,
2023-Jul,2023-07-13,Breaker,OP,2,na,na,19,
2023-Jul,2023-07-13,Breaker,OP,2,na,na,25,
2023-Jul,2023-07-13,Breaker,OP,2,na,na,38,
2023-Jul,2023-07-13,Breaker,OP,2,na,na,25,
2023-Jul,2023-07-13,Breaker,OP,2,na,na,38,
2023-Jul,2023-07-13,Breaker,OP,2,na,na,47,
2023-Jul,2023-07-13,Breaker,OP,2,na,na,48,
2023-Jul,2023-07-13,Breaker,OP,2,na,na,46,
2023-Jul,2023-07-13,Breaker,OP,2,na,na,40,
2023-Jul,2023-07-13,Breaker,DVM,1,na,na,41,
2023-Jul,2023-07-13,Breaker,DVM,1,na,na,42,
2023-Jul,2023-07-13,Breaker,DVM,1,na,na,50,
2023-Jul,2023-07-13,Breaker,DVM,1,na,na,38,
2023-Jul,2023-07-13,Breaker,DVM,1,na,na,24,
2023-Jul,2023-07-13,Breaker,DVM,1,na,na,32,
2023-Jul,2023-07-13,Breaker,DVM,1,na,na,28,
2023-Jul,2023-07-13,Breaker,DVM,1,na,na,33,
2023-Jul,2023-07-13,Breaker,DVM,1,na,na,20,
2023-Jul,2023-07-13,Breaker,DVM,1,na,na,37,
2023-Jul,2023-07-13,Breaker,DVM,1,na,na,23,
2023-Jul,2023-07-13,Breaker,DVM,1,na,na,18,
2023-Jul,2023-07-13,Breaker,DVM,1,na,na,35,
2023-Jul,2023-07-13,Breaker,DVM,1,na,na,32,
2023-Jul,2023-07-13,Breaker,DVM,1,na,na,46,
2023-Jul,2023-07-13,Breaker,DVM,1,na,na,37,
2023-Jul,2023-07-13,Breaker,DVM,1,na,na,37,
2023-Jul,2023-07-13,Breaker,DVM,1,na,na,35,
2023-Jul,2023-07-13,Breaker,DVM,1,na,na,26,
2023-Jul,2023-07-13,Breaker,DVM,1,na,na,22,
2023-Jul,2023-07-13,Breaker,DVM,1,na,na,32,
2023-Jul,2023-07-13,Breaker,DVM,1,na,na,29,
2023-Jul,2023-07-13,Breaker,DVM,1,na,na,45,
2023-Jul,2023-07-13,Breaker,DVM,1,na,na,35,
2023-Jul,2023-07-13,Breaker,DVM,1,na,na,23,
2023-Jul,2023-07-16,Manley,DVM,1,na,na,11,
2023-Jul,2023-07-16,Manley,JMS,2,na,na,4,
2023-Jul,2023-07-16,Manley,JMS,2,na,na,15,
2023-Jul,2023-07-16,Manley,OP,3,na,na,7,
2023-Jul,2023-07-16,Manley,OP,3,na,na,33,
2024-Jul,2024-07-11,Jennie_point,DCO,2,L,2,49,
2024-Jul,2024-07-11,Jennie_point,DCO,2,R,3,10,
2024-Jul,2024-07-11,Jennie_point,DCO,2,L,4,12,
2024-Jul,2024-07-11,Jennie_point,DCO,2,L,7,33,
2024-Jul,2024-07-11,Jennie_point,DCO,2,L,10,43,
2024-Jul,2024-07-11,Jennie_point,DCO,2,R,18,7,
2024-Jul,2024-07-11,Jennie_point,DCO,2,L,21,16,
2024-Jul,2024-07-11,Jennie_point,DCO,2,R,25,17,
2024-Jul,2024-07-11,Jennie_point,DCO,2,R,28,4,
2024-Jul,2024-07-11,Jennie_point,DCO,2,L,29,12,
2024-Jul,2024-07-11,Jennie_point,AS,1,L,2.5,7.5,
2024-Jul,2024-07-11,Jennie_point,AS,1,R,8,46,
2024-Jul,2024-07-11,Jennie_point,AS,1,L,9,14,
2024-Jul,2024-07-11,Jennie_point,AS,1,L,20,51,
2024-Jul,2024-07-11,Jennie_point,AS,1,R,22,47.5,
2024-Jul,2024-07-11,Jennie_point,AS,1,L,25,13,
2024-Jul,2024-07-11,Jennie_point,AS,1,R,5,11,
2024-Jul,2024-07-11,Jennie_point,AS,1,R,4,18,
2024-Jul,2024-07-11,Jennie_point,AS,1,L,2,9,
2024-Jul,2024-07-11,Jennie_point,AS,1,R,0,50,
2024-Jul,2024-07-11,Jennie_point,OP,3,L,26,11,
2024-Jul,2024-07-11,Jennie_point,OP,3,L,26,8,
2024-Jul,2024-07-11,Jennie_point,OP,3,L,26,13,
2024-Jul,2024-07-11,Jennie_point,OP,3,L,26,19,
2024-Jul,2024-07-11,Jennie_point,OP,3,L,27,16,
2024-Jul,2024-07-11,Jennie_point,OP,3,L,27,24,
2024-Jul,2024-07-11,Jennie_point,OP,3,L,27,31,
2024-Jul,2024-07-11,Jennie_point,OP,3,L,28,33,
2024-Jul,2024-07-11,Jennie_point,OP,3,L,20,17,
2024-Jul,2024-07-11,Jennie_point,OP,3,L,10,11,
2024-Jul,2024-07-14,McMullins,OP,3,L,28,41,
2024-Jul,2024-07-14,McMullins,OP,3,L,16,25,
2024-Jul,2024-07-14,McMullins,OP,3,L,10,33,
2024-Jul,2024-07-14,McMullins,OP,3,L,2,9,
2024-Jul,2024-07-14,McMullins,OP,3,L,2,18,
2024-Jul,2024-07-14,McMullins,OP,3,L,0,9,
2024-Jul,2024-07-14,McMullins,OP,3,L,0,21,
2024-Jul,2024-07-14,McMullins,OP,3,R,0,29,
2024-Jul,2024-07-14,McMullins,OP,3,R,0,51,
2024-Jul,2024-07-14,McMullins,OP,3,R,8,52,
2024-Jul,2024-07-18,Robert_rocks,AS,1,R,2,47,
2024-Jul,2024-07-18,Robert_rocks,AS,1,R,9,54,
2024-Jul,2024-07-18,Robert_rocks,AS,1,R,14,33,
2024-Jul,2024-07-18,Robert_rocks,AS,1,L,16,30,
2024-Jul,2024-07-18,Robert_rocks,AS,1,R,17,37,
2024-Jul,2024-07-18,Robert_rocks,AS,1,R,17,49,
2024-Jul,2024-07-18,Robert_rocks,AS,1,R,18,40,
2024-Jul,2024-07-18,Robert_rocks,AS,1,R,19,33,
2024-Jul,2024-07-18,Robert_rocks,AS,1,R,20,41,
2024-Jul,2024-07-18,Robert_rocks,AS,1,R,23,30,
2024-Jul,2024-07-14,McMullins,LL,2,R,25,26,
2024-Jul,2024-07-14,McMullins,LL,2,R,18,15,
2024-Jul,2024-07-14,McMullins,LL,2,L,14,25,
2024-Jul,2024-07-14,McMullins,LL,2,L,14,32,
2024-Jul,2024-07-14,McMullins,LL,2,R,14.5,40,
2024-Jul,2024-07-14,McMullins,LL,2,R,14.5,39,
2024-Jul,2024-07-14,McMullins,LL,2,R,14.5,46,
2024-Jul,2024-07-14,McMullins,LL,2,R,10,30,
2024-Jul,2024-07-14,McMullins,LL,2,R,10,21,
2024-Jul,2024-07-14,McMullins,LL,2,R,10,35,
2024-Jul,2024-07-18,Robert_rocks,LL,2,R,30,45,
2024-Jul,2024-07-18,Robert_rocks,LL,2,R,20,21,
2024-Jul,2024-07-18,Robert_rocks,LL,2,L,20,20,
2024-Jul,2024-07-18,Robert_rocks,LL,2,L,18,38,
2024-Jul,2024-07-18,Robert_rocks,LL,2,L,18,37,
2024-Jul,2024-07-18,Robert_rocks,LL,2,R,17,40,
2024-Jul,2024-07-18,Robert_rocks,LL,2,R,17,20,
2024-Jul,2024-07-18,Robert_rocks,LL,2,L,19,19,
2024-Jul,2024-07-18,Robert_rocks,LL,2,L,17,40,
2024-Jul,2024-07-18,Robert_rocks,LL,2,L,17,43,
2024-Jul,2024-07-14,McMullins,DVM,1,L,0,37,
2024-Jul,2024-07-14,McMullins,DVM,1,L,1,42,
2024-Jul,2024-07-14,McMullins,DVM,1,R,4.5,37,
2024-Jul,2024-07-14,McMullins,DVM,1,L,7,32,
2024-Jul,2024-07-14,McMullins,DVM,1,R,13,33,
2024-Jul,2024-07-14,McMullins,DVM,1,R,15,29,
2024-Jul,2024-07-14,McMullins,DVM,1,R,15,38,
2024-Jul,2024-07-14,McMullins,DVM,1,L,16.5,37,
2024-Jul,2024-07-14,McMullins,DVM,1,L,20,22,
2024-Jul,2024-07-14,McMullins,DVM,1,L,23,36,
2024-Jul,2024-07-18,Robert_rocks,OP,3,R,2,40,
2024-Jul,2024-07-18,Robert_rocks,OP,3,R,2,55,
2024-Jul,2024-07-18,Robert_rocks,OP,3,R,2,54,
2024-Jul,2024-07-18,Robert_rocks,OP,3,R,2,38,
2024-Jul,2024-07-18,Robert_rocks,OP,3,R,14,40,
2024-Jul,2024-07-18,Robert_rocks,OP,3,R,20,44,
2024-Jul,2024-07-18,Robert_rocks,OP,3,R,20,28,
2024-Jul,2024-07-18,Robert_rocks,OP,3,R,20,42,
2024-Jul,2024-07-18,Robert_rocks,OP,3,R,24,20,
2024-Jul,2024-07-18,Robert_rocks,OP,3,R,24,56,
2024-Jul,2024-07-21,Triquetta,AS,2,L,24,24,
2024-Jul,2024-07-21,Triquetta,AS,2,L,21,21,
2024-Jul,2024-07-21,Triquetta,AS,2,L,21,21,
2024-Jul,2024-07-21,Triquetta,AS,2,L,21,21,
2024-Jul,2024-07-21,Triquetta,AS,2,L,20,20,
2024-Jul,2024-07-21,Triquetta,AS,2,L,20,20,
2024-Jul,2024-07-21,Triquetta,AS,2,L,20,20,
2024-Jul,2024-07-21,Triquetta,AS,2,L,19,19,
2024-Jul,2024-07-21,Triquetta,AS,2,R,18,18,
2024-Jul,2024-07-21,Triquetta,AS,2,L,16,16,
2024-Jul,2024-07-21,Manley,DVM,1,R,18.5,18,
2024-Jul,2024-07-21,Manley,DVM,1,L,14,2,
2024-Jul,2024-07-21,Manley,DVM,1,L,13.5,12,
2024-Jul,2024-07-21,Manley,DVM,1,L,13,10,
2024-Jul,2024-07-21,Manley,DVM,1,L,12.5,10,
2024-Jul,2024-07-21,Manley,DVM,1,L,19,21,
2024-Jul,2024-07-21,Manley,DVM,1,L,18,18,
2024-Jul,2024-07-21,Manley,DVM,1,L,17.5,15,
2024-Jul,2024-07-21,Manley,DVM,1,R,4,10,
2024-Jul,2024-07-21,Manley,DVM,1,L,4,5,
2024-Jul,2024-07-21,Triquetta,DVM,3,R,1,10,
2024-Jul,2024-07-21,Triquetta,DVM,3,R,3,24,
2024-Jul,2024-07-21,Triquetta,DVM,3,L,6,17,
2024-Jul,2024-07-21,Triquetta,DVM,3,L,6,10,
2024-Jul,2024-07-21,Triquetta,DVM,3,L,6,18,
2024-Jul,2024-07-21,Triquetta,DVM,3,R,9,12,
2024-Jul,2024-07-21,Triquetta,DVM,3,R,11,10,
2024-Jul,2024-07-21,Triquetta,DVM,3,R,12,26,
2024-Jul,2024-07-21,Triquetta,DVM,3,R,17,16,
2024-Jul,2024-07-21,Triquetta,DVM,3,R,18,14,
2024-Jul,2024-07-21,Manley,AS,2,R,26,15,
2024-Jul,2024-07-21,Manley,AS,2,L,27,16,
2024-Jul,2024-07-21,Manley,AS,2,R,27,4,
2024-Jul,2024-07-21,Triquetta,DCO,1,R,30,15,
2024-Jul,2024-07-21,Triquetta,DCO,1,R,28,17,
2024-Jul,2024-07-21,Triquetta,DCO,1,R,26,14,
2024-Jul,2024-07-21,Triquetta,DCO,1,L,20,9,
2024-Jul,2024-07-21,Triquetta,DCO,1,L,16,2,
2024-Jul,2024-07-21,Triquetta,DCO,1,L,16,1,
2024-Jul,2024-07-21,Triquetta,DCO,1,R,14,20,
2024-Jul,2024-07-21,Triquetta,DCO,1,L,13,8,
2024-Jul,2024-07-21,Triquetta,DCO,1,L,9,35,
2024-Jul,2024-07-21,Triquetta,DCO,1,L,,16,
2024-Jul,2024-07-21,Manley,DCO,3,R,25,35,
2024-Jul,2024-07-21,Manley,DCO,3,L,25,26,
2024-Jul,2024-07-21,Manley,DCO,3,L,12,9,
2024-Jul,2024-07-21,Manley,DCO,3,R,16,12,
2024-Jul,2024-07-21,Manley,DCO,3,R,16,44,
2024-Jul,2024-07-21,Manley,DCO,3,R,9,25,
2024-Jul,2024-07-21,Manley,DCO,3,R,,10,
2024-Jul,2024-07-21,Manley,DCO,3,R,,28,
2024-Jul,2024-07-21,Manley,DCO,3,R,15,18,
2024-Jul,2024-07-21,Manley,DCO,3,R,15,10,
2024-Jul,2024-07-24,Ratatouille,AS,1,L,0,51,
2024-Jul,2024-07-24,Ratatouille,AS,1,R,1,22,
2024-Jul,2024-07-24,Ratatouille,AS,1,L,3,18,
2024-Jul,2024-07-24,Ratatouille,AS,1,R,4,23,
2024-Jul,2024-07-24,Ratatouille,AS,1,R,5,20,
2024-Jul,2024-07-24,Ratatouille,AS,1,L,5,44,
2024-Jul,2024-07-24,Ratatouille,AS,1,L,8,18,
2024-Jul,2024-07-24,Ratatouille,AS,1,R,10,9,
2024-Jul,2024-07-24,Ratatouille,AS,1,R,12,21,
2024-Jul,2024-07-24,Ratatouille,AS,1,L,15,49,
2024-Jul,2024-07-24,Ratatouille,DCO,2,R,2,26,
2024-Jul,2024-07-24,Ratatouille,DCO,2,R,2,15,
2024-Jul,2024-07-24,Ratatouille,DCO,2,L,4,14,
2024-Jul,2024-07-24,Ratatouille,DCO,2,L,4,16,
2024-Jul,2024-07-24,Ratatouille,DCO,2,R,6,21,
2024-Jul,2024-07-24,Ratatouille,DCO,2,R,7,16,
2024-Jul,2024-07-24,Ratatouille,DCO,2,L,10,53,
2024-Jul,2024-07-24,Ratatouille,DCO,2,L,9,50,
2024-Jul,2024-07-24,Ratatouille,DCO,2,R,12,12,
2024-Jul,2024-07-24,Ratatouille,DCO,2,R,13,9,
2024-Jul,2024-07-24,Ratatouille,OP,3,L,0,15,
2024-Jul,2024-07-24,Ratatouille,OP,3,L,3,26,
2024-Jul,2024-07-24,Ratatouille,OP,3,L,3,23,
2024-Jul,2024-07-24,Ratatouille,OP,3,R,6,32,
2024-Jul,2024-07-24,Ratatouille,OP,3,R,6,19,
2024-Jul,2024-07-24,Ratatouille,OP,3,L,10,25,
2024-Jul,2024-07-24,Ratatouille,OP,3,L,10,18,
2024-Jul,2024-07-24,Ratatouille,OP,3,L,10,18,
2024-Jul,2024-07-24,Ratatouille,OP,3,L,16,24,
2024-Jul,2024-07-24,Ratatouille,OP,3,R,20,58,
2024-Jul,2024-07-23,Breaker,AS,1,R,28,14,
2024-Jul,2024-07-23,Breaker,AS,1,L,27,2,
2024-Jul,2024-07-23,Breaker,AS,1,R,26,2,
2024-Jul,2024-07-23,Breaker,AS,1,R,25,12,
2024-Jul,2024-07-23,Breaker,AS,1,R,25,11,
2024-Jul,2024-07-23,Breaker,AS,1,R,25,36,
2024-Jul,2024-07-23,Breaker,AS,1,L,24,13,
2024-Jul,2024-07-23,Breaker,AS,1,L,23,11,
2024-Jul,2024-07-23,Breaker,AS,1,R,8,50,
2024-Jul,2024-07-23,Breaker,AS,1,R,2,40,
2024-Jul,2024-07-23,Breaker,OP,3,L,20,40,
2024-Jul,2024-07-23,Breaker,OP,3,L,20,46,
2024-Jul,2024-07-23,Breaker,OP,3,L,20,29,
2024-Jul,2024-07-23,Breaker,OP,3,R,16,44,
2024-Jul,2024-07-23,Breaker,OP,3,R,16,40,
2024-Jul,2024-07-23,Breaker,OP,3,R,13,40,
2024-Jul,2024-07-23,Breaker,OP,3,R,13,45,
2024-Jul,2024-07-23,Breaker,OP,3,R,13,22,
2024-Jul,2024-07-23,Breaker,OP,3,L,4,49,
2024-Jul,2024-07-23,Breaker,OP,3,L,4,65,
2024-Jul,2024-07-23,Breaker,DCO,2,R,29,46,
2024-Jul,2024-07-23,Breaker,DCO,2,R,30,47,
2024-Jul,2024-07-23,Breaker,DCO,2,L,26,41,
2024-Jul,2024-07-23,Breaker,DCO,2,L,27,16,
2024-Jul,2024-07-23,Breaker,DCO,2,L,24,31,
2024-Jul,2024-07-23,Breaker,DCO,2,L,25,36,
2024-Jul,2024-07-23,Breaker,DCO,2,L,20,38,
2024-Jul,2024-07-23,Breaker,DCO,2,L,17,53,
2024-Jul,2024-07-23,Breaker,DCO,2,R,10,46,
2024-Jul,2024-07-23,Breaker,DCO,2,R,8,30,
2025-Apr,2025-04-04,Owen,DCO,5,R,10,11,Barren_west
2025-Apr,2025-04-04,Owen,DCO,5,R,10,10,Barren_west
2025-Apr,2025-04-04,Owen,DCO,5,R,11,10,Barren_west
2025-Apr,2025-04-04,Owen,DCO,5,R,11,13,Barren_west
2025-Apr,2025-04-04,Owen,DCO,5,R,12,15,Barren_west
2025-Apr,2025-04-04,Owen,DCO,5,L,12,15,Barren_west
2025-Apr,2025-04-04,Owen,DCO,5,L,3,8,Barren_west
2025-Apr,2025-04-04,Owen,DCO,5,L,2,11,Barren_west
2025-Apr,2025-04-04,Owen,DCO,5,L,2,11,Barren_west
2025-Apr,2025-04-04,Owen,DCO,5,L,2,12,Barren_west
2025-Apr,2025-04-04,Owen,DCO,2,L,8,15,Kelp_west
2025-Apr,2025-04-04,Owen,DCO,2,L,10,13,Kelp_west
2025-Apr,2025-04-04,Owen,DCO,2,L,10,12,Kelp_west
2025-Apr,2025-04-04,Owen,DCO,2,L,11,11,Kelp_west
2025-Apr,2025-04-04,Owen,DCO,2,L,12,7,Kelp_west
2025-Apr,2025-04-04,Owen,DCO,2,R,15,15,Kelp_west
2025-Apr,2025-04-04,Owen,DCO,2,R,15,15,Kelp_west
2025-Apr,2025-04-04,Owen,DCO,2,R,16,10,Kelp_west
2025-Apr,2025-04-04,Owen,DCO,2,R,17,11,Kelp_west
2025-Apr,2025-04-04,Owen,DCO,2,R,17,11,Kelp_west
2025-Apr,2025-04-04,Owen,DCO,4,L,1,12,Barren_east
2025-Apr,2025-04-04,Owen,DCO,4,L,1,10,Barren_east
2025-Apr,2025-04-04,Owen,DCO,4,L,1,11,Barren_east
2025-Apr,2025-04-04,Owen,DCO,4,L,1,11,Barren_east
2025-Apr,2025-04-04,Owen,DCO,4,L,1,11,Barren_east
2025-Apr,2025-04-04,Owen,DCO,4,L,2,9,Barren_east
2025-Apr,2025-04-04,Owen,DCO,4,L,2,15,Barren_east
2025-Apr,2025-04-04,Owen,DCO,4,L,2,14,Barren_east
2025-Apr,2025-04-04,Owen,DCO,4,L,2,10,Barren_east
2025-Apr,2025-04-04,Owen,DCO,4,L,2,12,Barren_east
2025-Jul,2025-07-07,McMullins_west,DVM,1,na,29,29,
2025-Jul,2025-07-07,McMullins_west,DVM,1,na,24,15,
2025-Jul,2025-07-07,McMullins_west,DVM,1,na,21,32,
2025-Jul,2025-07-07,McMullins_west,DVM,1,na,16,19,
2025-Jul,2025-07-07,McMullins_west,DVM,1,na,15,21,
2025-Jul,2025-07-07,McMullins_west,DVM,1,na,13,46,
2025-Jul,2025-07-07,McMullins_west,DVM,1,na,7,46,
2025-Jul,2025-07-07,McMullins_west,DVM,1,na,4,28,
2025-Jul,2025-07-07,McMullins_west,AS,2,na,1,48,
2025-Jul,2025-07-07,McMullins_west,AS,2,na,8,27,
2025-Jul,2025-07-07,McMullins_west,AS,2,na,11,31,
2025-Jul,2025-07-07,McMullins_west,AS,2,na,12,60,
2025-Jul,2025-07-07,McMullins_west,AS,2,na,16,27,
2025-Jul,2025-07-07,McMullins_west,AS,2,na,19,48,
2025-Jul,2025-07-07,McMullins_west,AS,2,na,24,21,
2025-Jul,2025-07-07,McMullins_west,AS,2,na,30,29,
2025-Jul,2025-07-07,McMullins_west,LL,3,na,30,38,
2025-Jul,2025-07-07,McMullins_west,LL,3,na,30,59,
2025-Jul,2025-07-07,McMullins_west,LL,3,na,29,47,
2025-Jul,2025-07-07,McMullins_west,LL,3,na,29,26,
2025-Jul,2025-07-07,McMullins_west,LL,3,na,26,37,
2025-Jul,2025-07-07,McMullins_west,LL,3,na,26,22,
2025-Jul,2025-07-07,McMullins_west,LL,3,na,24,6,
2025-Jul,2025-07-07,McMullins_west,LL,3,na,24,29,
2025-Jul,2025-07-05,Robert_rocks,OP,3,R,8,27,
2025-Jul,2025-07-05,Robert_rocks,OP,3,R,9,42,
2025-Jul,2025-07-05,Robert_rocks,OP,3,R,9.5,14,
2025-Jul,2025-07-05,Robert_rocks,OP,3,R,10,29,
2025-Jul,2025-07-05,Robert_rocks,OP,3,R,12,49,
2025-Jul,2025-07-05,Robert_rocks,OP,3,R,12,55,
2025-Jul,2025-07-05,Robert_rocks,OP,3,R,12,62,
2025-Jul,2025-07-05,Robert_rocks,OP,3,R,14,25,
2025-Jul,2025-07-05,Robert_rocks,OP,3,R,16,58,
2025-Jul,2025-07-05,Robert_rocks,OP,3,R,28,26,
2025-Jul,2025-07-05,Robert_rocks,AS,2,L,28,23,
2025-Jul,2025-07-05,Robert_rocks,AS,2,L,26,29,
2025-Jul,2025-07-05,Robert_rocks,AS,2,R,24,31,
2025-Jul,2025-07-05,Robert_rocks,AS,2,L,24,27,
2025-Jul,2025-07-05,Robert_rocks,AS,2,R,20,72,
2025-Jul,2025-07-05,Robert_rocks,AS,2,L,7,26,
2025-Jul,2025-07-05,Robert_rocks,AS,2,R,7,16,
2025-Jul,2025-07-05,Robert_rocks,AS,2,R,6,43,
2025-Jul,2025-07-05,Robert_rocks,AS,2,R,5,26,
2025-Jul,2025-07-05,Robert_rocks,AS,2,L,1,33,
2025-Jul,2025-07-05,Robert_rocks,DCO,1,L,1,30,
2025-Jul,2025-07-05,Robert_rocks,DCO,1,R,2,34,
2025-Jul,2025-07-05,Robert_rocks,DCO,1,R,2,29,
2025-Jul,2025-07-05,Robert_rocks,DCO,1,R,3,31,
2025-Jul,2025-07-05,Robert_rocks,DCO,1,L,8,13,
2025-Jul,2025-07-05,Robert_rocks,DCO,1,L,20,24,
2025-Jul,2025-07-05,Robert_rocks,DCO,1,R,20,37,
2025-Jul,2025-07-05,Robert_rocks,DCO,1,L,22,40,
2025-Jul,2025-07-05,Robert_rocks,DCO,1,R,24,43,
2025-Jul,2025-07-05,Robert_rocks,DCO,1,R,25,21,
2025-Jul,2025-07-05,Granville,DCO,,R,23,47,
2025-Jul,2025-07-05,Granville,DCO,,L,22,15,
2025-Jul,2025-07-05,Granville,DCO,,R,22,3,
2025-Jul,2025-07-05,Granville,DCO,,L,21,11,
2025-Jul,2025-07-05,Granville,DCO,,L,5,13,
2025-Jul,2025-07-05,Granville,DCO,,R,5,27,
2025-Jul,2025-07-05,Granville,DCO,,L,4,23,
2025-Jul,2025-07-05,Granville,DCO,,R,3,32,
2025-Jul,2025-07-05,Granville,DCO,,R,14,39,
2025-Jul,2025-07-05,Granville,DCO,,R,15,21,
2025-Jul,2025-07-05,Granville,AS,2,L,29,7,
2025-Jul,2025-07-05,Granville,AS,2,L,28,9,
2025-Jul,2025-07-05,Granville,AS,2,R,23,28,
2025-Jul,2025-07-05,Granville,AS,2,L,21,7,
2025-Jul,2025-07-05,Granville,AS,2,L,20,24,
2025-Jul,2025-07-05,Granville,AS,2,L,18,16,
2025-Jul,2025-07-05,Granville,AS,2,R,15,36,
2025-Jul,2025-07-05,Granville,AS,2,R,12,7,
2025-Jul,2025-07-05,Granville,AS,2,R,8,9,
2025-Jul,2025-07-05,Granville,AS,2,L,4,45,
2025-Jul,2025-07-05,Granville,OP,3,R,28,31,
2025-Jul,2025-07-05,Granville,OP,3,R,28,21,
2025-Jul,2025-07-05,Granville,OP,3,R,24,19,
2025-Jul,2025-07-05,Granville,OP,3,R,20,11,
2025-Jul,2025-07-05,Granville,OP,3,R,18,31,
2025-Jul,2025-07-05,Granville,OP,3,R,16,10,
2025-Jul,2025-07-05,Granville,OP,3,R,16,18,
2025-Jul,2025-07-05,Granville,OP,3,R,16,39,
2025-Jul,2025-07-05,Granville,OP,3,R,16,47,
2025-Jul,2025-07-05,Granville,OP,3,R,16,33,
2025-Jul,2025-07-08,Turf,LL,2,L,0,2,
2025-Jul,2025-07-08,Turf,LL,2,L,0,14,
2025-Jul,2025-07-08,Turf,LL,2,L,0,15,
2025-Jul,2025-07-08,Turf,LL,2,L,2,5,
2025-Jul,2025-07-08,Turf,LL,2,L,2,7,
2025-Jul,2025-07-08,Turf,LL,2,L,5,8,
2025-Jul,2025-07-08,Turf,LL,2,L,5,9,
2025-Jul,2025-07-08,Turf,LL,2,R,5,16,
2025-Jul,2025-07-08,Turf,LL,2,L,7,2,
2025-Jul,2025-07-08,Turf,LL,2,L,7,6,
2025-Jul,2025-07-08,Turf,OP,3,R,29,14,
2025-Jul,2025-07-08,Turf,OP,3,R,28,5,
2025-Jul,2025-07-08,Turf,OP,3,R,24,21,
2025-Jul,2025-07-08,Turf,OP,3,R,24,21,
2025-Jul,2025-07-08,Turf,OP,3,R,24,17,
2025-Jul,2025-07-08,Turf,OP,3,R,24,20,
2025-Jul,2025-07-08,Turf,OP,3,R,12,7,
2025-Jul,2025-07-08,Turf,OP,3,L,13,24,
2025-Jul,2025-07-08,Turf,OP,3,L,13,24,
2025-Jul,2025-07-08,Turf,DCO,1,R,1,14,
2025-Jul,2025-07-08,Turf,DCO,1,R,1,15,
2025-Jul,2025-07-08,Turf,DCO,1,R,2,29,
2025-Jul,2025-07-08,Turf,DCO,1,L,1,16,
2025-Jul,2025-07-08,Turf,DCO,1,L,2,12,
2025-Jul,2025-07-08,Turf,DCO,1,L,6,30,
2025-Jul,2025-07-08,Turf,DCO,1,R,6,31,
2025-Jul,2025-07-08,Turf,DCO,1,R,6,24,
2025-Jul,2025-07-08,Turf,DCO,1,R,12,21,
2025-Jul,2025-07-08,Turf,DCO,1,L,12,16,
2025-Jul,2025-07-13,Manley,LL,2,R,17,14,
2025-Jul,2025-07-13,Manley,LL,2,R,20,5,
2025-Jul,2025-07-13,Manley,LL,2,R,20,6,
2025-Jul,2025-07-13,Manley,LL,2,R,20,25,
2025-Jul,2025-07-13,Manley,DCO,1,R,2,3,
2025-Jul,2025-07-13,Manley,DCO,1,L,0,4,
2025-Jul,2025-07-13,Manley,DVM,3,L,13,18,
2025-Jul,2025-07-13,Manley,DVM,3,L,17,6,
2025-Jul,2025-07-13,Manley,DVM,3,L,17,30,
2025-Jul,2025-07-13,Manley,DVM,3,L,17,35,
2025-Jul,2025-07-13,Manley,DVM,3,L,18,7,
2025-Jul,2025-07-13,Manley,DVM,3,R,18,30,
2025-Jul,2025-07-13,Manley,DVM,3,R,20,30,
2025-Jul,2025-07-13,Manley,DVM,3,R,20,27,
2025-Jul,2025-07-13,Manley,DVM,3,R,21,18,
2025-Jul,2025-07-13,Manley,DVM,3,R,23,21,
2025-Jul,2025-07-13,Triquetta,AS,1,na,1,37,
2025-Jul,2025-07-13,Triquetta,AS,1,na,1,42,
2025-Jul,2025-07-13,Triquetta,AS,1,na,2,7,
2025-Jul,2025-07-13,Triquetta,AS,1,na,3,27,
2025-Jul,2025-07-13,Triquetta,AS,1,na,4,16,
2025-Jul,2025-07-13,Triquetta,AS,1,na,5,27,
2025-Jul,2025-07-13,Triquetta,AS,1,na,7,18,
2025-Jul,2025-07-13,Triquetta,AS,1,na,8,30,
2025-Jul,2025-07-13,Triquetta,LL,2,na,0,6,
2025-Jul,2025-07-13,Triquetta,LL,2,na,0.5,41,
2025-Jul,2025-07-13,Triquetta,LL,2,na,0.5,40,
2025-Jul,2025-07-13,Triquetta,LL,2,na,1,6,
2025-Jul,2025-07-13,Triquetta,LL,2,na,1,23,
2025-Jul,2025-07-13,Triquetta,LL,2,na,1,24,
2025-Jul,2025-07-13,Triquetta,LL,2,na,1,32,
2025-Jul,2025-07-13,Triquetta,LL,2,na,1.5,33,
2025-Jul,2025-07-13,Triquetta,LL,2,na,1.5,20,
2025-Jul,2025-07-13,Triquetta,LL,2,na,1.5,28,
2025-Jul,2025-07-13,Triquetta,LL,2,na,2,4,
2025-Jul,2025-07-13,Triquetta,LL,2,na,2,2,
2025-Jul,2025-07-13,Triquetta,LL,2,na,2,22,
2025-Jul,2025-07-13,Triquetta,DCO,3,R,4,27,
2025-Jul,2025-07-13,Triquetta,DCO,3,R,4,7,
2025-Jul,2025-07-13,Triquetta,DCO,3,L,5,6,
2025-Jul,2025-07-13,Triquetta,DCO,3,R,5,14,
2025-Jul,2025-07-13,Triquetta,DCO,3,L,8,28,
2025-Jul,2025-07-13,Triquetta,DCO,3,L,8,47,
2025-Jul,2025-07-13,Triquetta,DCO,3,L,11,13,
2025-Jul,2025-07-13,Triquetta,DCO,3,L,11,16,
2025-Jul,2025-07-13,Triquetta,DCO,3,R,10,45,
2025-Jul,2025-07-13,Triquetta,DCO,3,L,15,19,
2025-Jul,2025-07-13,Triquetta,DCO,3,L,15,35,
2025-Jul,2025-07-13,Triquetta,DCO,3,R,16,8,
2025-Jul,2025-07-15,North,LL,2,L,11,22,
2025-Jul,2025-07-15,North,LL,2,L,11.5,4,
2025-Jul,2025-07-15,North,LL,2,L,12,17,
2025-Jul,2025-07-15,North,LL,2,L,12,18,
2025-Jul,2025-07-15,North,LL,2,L,14,31,
2025-Jul,2025-07-15,North,LL,2,R,13,10,
2025-Jul,2025-07-15,North,LL,2,R,13,8,
2025-Jul,2025-07-15,North,LL,2,L,15,11,
2025-Jul,2025-07-15,North,LL,2,R,15,38,
2025-Jul,2025-07-15,North,LL,2,R,15,55,
2025-Jul,2025-07-15,Ratatouille,AS,1,R,28,14,
2025-Jul,2025-07-15,Ratatouille,AS,1,R,27,15,
2025-Jul,2025-07-15,Ratatouille,AS,1,R,26,18,
2025-Jul,2025-07-15,Ratatouille,AS,1,R,10,29,
2025-Jul,2025-07-15,Ratatouille,AS,1,L,9,7,
2025-Jul,2025-07-15,Ratatouille,AS,1,R,8,9,
2025-Jul,2025-07-15,Ratatouille,AS,1,R,5,36,
2025-Jul,2025-07-15,Ratatouille,AS,1,R,2,8,
2025-Jul,2025-07-15,Ratatouille,AS,1,R,1,9,
2025-Jul,2025-07-15,Ratatouille,AS,1,R,1,20,
2025-Jul,2025-07-15,North,AS,3,L,30,11,
2025-Jul,2025-07-15,North,AS,3,L,28,25,
2025-Jul,2025-07-15,North,AS,3,R,16,13,
2025-Jul,2025-07-15,North,AS,3,R,13,10,
2025-Jul,2025-07-15,North,AS,3,R,14,38,
2025-Jul,2025-07-15,North,AS,3,R,13,16,
2025-Jul,2025-07-15,North,AS,3,R,6,26,
2025-Jul,2025-07-15,North,AS,3,R,5,9,
2025-Jul,2025-07-15,North,AS,3,R,4,9,
2025-Jul,2025-07-15,North,AS,3,L,4,11,
2025-Jul,2025-07-15,Ratatouille,LL,2,L,0,32,
2025-Jul,2025-07-15,Ratatouille,LL,2,L,0,22,
2025-Jul,2025-07-15,Ratatouille,LL,2,L,0,22,
2025-Jul,2025-07-15,Ratatouille,LL,2,L,0,29,
2025-Jul,2025-07-15,Ratatouille,LL,2,L,0,36,
2025-Jul,2025-07-15,Ratatouille,LL,2,L,0,25,
2025-Jul,2025-07-15,Ratatouille,LL,2,R,0,21,
2025-Jul,2025-07-15,Ratatouille,LL,2,R,0,30,
2025-Jul,2025-07-15,Ratatouille,LL,2,R,0,32,
2025-Jul,2025-07-15,Ratatouille,LL,2,R,0,30,
2025-Jul,2025-07-15,North,OP,1,R,20,12,
2025-Jul,2025-07-15,North,OP,1,R,20,19,
2025-Jul,2025-07-15,North,OP,1,R,20,17,
2025-Jul,2025-07-15,North,OP,1,R,18,30,
2025-Jul,2025-07-15,North,OP,1,R,18,43,
2025-Jul,2025-07-15,North,OP,1,L,16,38,
2025-Jul,2025-07-15,North,OP,1,L,16,24,
2025-Jul,2025-07-15,North,OP,1,L,14,4,
2025-Jul,2025-07-15,North,OP,1,L,16,4,
2025-Jul,2025-07-15,North,OP,1,L,14,24,
2025-Jul,2025-07-15,Ratatouille,OP,3,L,0,26,
2025-Jul,2025-07-15,Ratatouille,OP,3,L,1,30,
2025-Jul,2025-07-15,Ratatouille,OP,3,L,1,30,
2025-Jul,2025-07-15,Ratatouille,OP,3,L,1,54,
2025-Jul,2025-07-15,Ratatouille,OP,3,L,10,52,
2025-Jul,2025-07-15,Ratatouille,OP,3,L,10,40,
2025-Jul,2025-07-15,Ratatouille,OP,3,L,11,28,
2025-Jul,2025-07-15,Ratatouille,OP,3,L,12,18,
2025-Jul,2025-07-15,Ratatouille,OP,3,L,13,20,
2025-Jul,2025-07-15,Ratatouille,OP,3,L,18,25,
2025-Jul,2025-07-17,Breaker,OP,1,R,1,32,
2025-Jul,2025-07-17,Breaker,OP,1,R,2,35,
2025-Jul,2025-07-17,Breaker,OP,1,R,2,51,
2025-Jul,2025-07-17,Breaker,OP,1,L,3,48,
2025-Jul,2025-07-17,Breaker,OP,1,L,3,38,
2025-Jul,2025-07-17,Breaker,OP,1,L,5,22,
2025-Jul,2025-07-17,Breaker,OP,1,L,7,32,
2025-Jul,2025-07-17,Breaker,OP,1,R,7,23,
2025-Jul,2025-07-17,Breaker,OP,1,R,8,37,
2025-Jul,2025-07-17,Breaker,OP,1,R,12,47,
2025-Jul,2025-07-17,Breaker,DVM,3,R,0,35,
2025-Jul,2025-07-17,Breaker,DVM,3,R,1,22,
2025-Jul,2025-07-17,Breaker,DVM,3,R,1.5,50,
2025-Jul,2025-07-17,Breaker,DVM,3,R,3,25,
2025-Jul,2025-07-17,Breaker,DVM,3,R,4,32,
2025-Jul,2025-07-17,Breaker,DVM,3,R,5,22,
2025-Jul,2025-07-17,Breaker,DVM,3,L,10,32,
2025-Jul,2025-07-17,Breaker,DVM,3,L,12,44,
2025-Jul,2025-07-17,Breaker,DVM,3,L,13,43,
2025-Jul,2025-07-17,Breaker,DVM,3,L,15,33,
2025-Jul,2025-07-17,Breaker,DCO,2,L,10,34,
2025-Jul,2025-07-17,Breaker,DCO,2,L,10,35,
2025-Jul,2025-07-17,Breaker,DCO,2,R,10,36,
2025-Jul,2025-07-17,Breaker,DCO,2,R,10,32,
2025-Jul,2025-07-17,Breaker,DCO,2,R,20,41,
2025-Jul,2025-07-17,Breaker,DCO,2,R,20,55,
2025-Jul,2025-07-17,Breaker,DCO,2,L,20,30,
2025-Jul,2025-07-17,Breaker,DCO,2,L,20,35,
2025-Jul,2025-07-17,Breaker,DCO,2,R,19,37,
2025-Jul,2025-07-17,Breaker,DCO,2,R,19,35,
2025-Jul,2025-07-18,Second,DVM,1,R,0,6,
2025-Jul,2025-07-18,Second,DVM,1,R,0,10,
2025-Jul,2025-07-18,Second,DVM,1,R,0,44,
2025-Jul,2025-07-18,Second,DVM,1,R,5,16,
2025-Jul,2025-07-18,Second,DVM,1,R,6,10,
2025-Jul,2025-07-18,Second,DVM,1,R,6.5,46,
2025-Jul,2025-07-18,Second,DVM,1,L,9,20,
2025-Jul,2025-07-18,Second,DVM,1,L,12,39,
2025-Jul,2025-07-18,Second,DVM,1,L,11,18,
2025-Jul,2025-07-18,Second,DVM,1,L,10,16,
2025-Jul,2025-07-18,Second,LL,2,L,30,30,
2025-Jul,2025-07-18,Second,LL,2,L,29,21,
2025-Jul,2025-07-18,Second,LL,2,R,29,15,
2025-Jul,2025-07-18,Second,LL,2,L,29,20,
2025-Jul,2025-07-18,Second,LL,2,L,30,34,
2025-Jul,2025-07-18,Second,LL,2,R,24,11,
2025-Jul,2025-07-18,Second,LL,2,R,24,43,
2025-Jul,2025-07-18,Second,LL,2,R,24,14,
2025-Jul,2025-07-18,Second,LL,2,R,24,38,
2025-Jul,2025-07-18,Second,LL,2,R,24,47,
2025-Jul,2025-07-18,Second,OP,3,R,0,44,
2025-Jul,2025-07-18,Second,OP,3,L,1,35,
2025-Jul,2025-07-18,Second,OP,3,R,2,7,
2025-Jul,2025-07-18,Second,OP,3,R,2,13,
2025-Jul,2025-07-18,Second,OP,3,R,10,34,
2025-Jul,2025-07-18,Second,OP,3,R,10,11,
2025-Jul,2025-07-18,Second,OP,3,L,10,11,
2025-Jul,2025-07-18,Second,OP,3,R,12,25,
2025-Jul,2025-07-18,Second,OP,3,R,12,20,
2025-Jul,2025-07-18,Second,OP,3,L,15,27,
2025-Jul,2025-07-24,Owen,OP,2,R,0,34,
2025-Jul,2025-07-24,Owen,OP,2,R,0,22,
2025-Jul,2025-07-24,Owen,OP,2,L,1,33,
2025-Jul,2025-07-24,Owen,OP,2,R,8,31,
2025-Jul,2025-07-24,Owen,OP,2,R,10,21,
2025-Jul,2025-07-24,Owen,OP,2,R,10,16,
2025-Jul,2025-07-24,Owen,OP,2,L,12,36,
2025-Jul,2025-07-24,Owen,OP,2,L,12,33,
2025-Jul,2025-07-24,Owen,OP,2,L,20,32,
2025-Jul,2025-07-24,Owen,OP,2,L,20,21,
2025-Jul,2025-07-24,Owen,OP,5,na,na,26,
2025-Jul,2025-07-24,Owen,OP,5,na,na,30,
2025-Jul,2025-07-24,Owen,OP,5,na,na,36,
2025-Jul,2025-07-24,Owen,OP,5,na,na,41,
2025-Jul,2025-07-24,Owen,OP,5,na,na,40,
2025-Jul,2025-07-24,Owen,OP,5,na,na,40,
2025-Jul,2025-07-24,Owen,OP,5,na,na,37,
2025-Jul,2025-07-24,Owen,OP,5,na,na,27,
2025-Jul,2025-07-24,Owen,OP,5,na,na,40,
2025-Jul,2025-07-24,Owen,OP,5,na,na,44,
2025-Oct,2025-10-20,Owen,DCO,na,na,na,35,
2025-Oct,2025-10-20,Owen,DCO,na,na,na,35,
2025-Oct,2025-10-20,Owen,DCO,na,na,na,34,
2025-Oct,2025-10-20,Owen,DCO,na,na,na,33,
2025-Oct,2025-10-20,Owen,DCO,na,na,na,36,
2025-Oct,2025-10-20,Owen,DCO,na,na,na,34,
2025-Oct,2025-10-20,Owen,DCO,na,na,na,32,
2025-Oct,2025-10-20,Owen,DCO,na,na,na,26,
2025-Oct,2025-10-20,Owen,DCO,na,na,na,42,
2025-Oct,2025-10-20,Owen,DCO,na,na,na,42,
2025-Oct,2025-10-20,Owen,DCO,na,na,na,33,
2025-Oct,2025-10-20,Owen,DCO,na,na,na,26,
2025-Oct,2025-10-20,Owen,DCO,na,na,na,31,
2025-Oct,2025-10-20,Owen,DCO,na,na,na,25,
2025-Oct,2025-10-20,Owen,DCO,na,na,na,33,
2025-Oct,2025-10-20,Owen,DCO,na,na,na,29,
2025-Oct,2025-10-20,Owen,DCO,na,na,na,40,
2025-Oct,2025-10-20,Owen,DCO,na,na,na,39,
2025-Oct,2025-10-20,Owen,DCO,na,na,na,40,
2025-Oct,2025-10-20,Owen,DCO,na,na,na,23,
2025-Oct,2025-10-20,Owen,DCO,na,na,na,41,
2025-Oct,2025-10-20,Owen,DCO,na,na,na,32,
2025-Oct,2025-10-20,Owen,DCO,na,na,na,30,
2025-Oct,2025-10-20,Owen,DCO,na,na,na,31,
2025-Oct,2025-10-20,Owen,DCO,na,na,na,36,
2025-Oct,2025-10-20,Owen,DCO,na,na,na,36,
2025-Oct,2025-10-20,Owen,DCO,na,na,na,36,
2025-Oct,2025-10-20,Owen,DCO,na,na,na,31,
2025-Oct,2025-10-20,Owen,DCO,na,na,na,28,
2025-Oct,2025-10-20,Owen,DCO,na,na,na,39,
2025-Oct,2025-10-20,Owen,DCO,na,na,na,29,
2025-Oct,2025-10-20,Owen,DCO,na,na,na,29,
2025-Oct,2025-10-20,Owen,DCO,na,na,na,49,
2025-Oct,2025-10-20,Owen,DCO,na,na,na,37,
2025-Oct,2025-10-20,Owen,DCO,na,na,na,38,
2025-Oct,2025-10-20,Owen,DCO,na,na,na,34,
2025-Oct,2025-10-20,Owen,DCO,na,na,na,31,
2025-Oct,2025-10-20,Owen,DCO,na,na,na,30,
2025-Oct,2025-10-20,Owen,DCO,na,na,na,34,
2025-Oct,2025-10-20,Owen,DCO,na,na,na,44,
2025-Oct,2025-10-20,Owen,DCO,na,na,na,30,
2026-Jan,2026-01-13,Owen,DCO,1,L,24,12,
2026-Jan,2026-01-13,Owen,DCO,1,L,23,9,
2026-Jan,2026-01-13,Owen,DCO,1,L,22,16,
2026-Jan,2026-01-13,Owen,DCO,1,L,22,24,
2026-Jan,2026-01-13,Owen,DCO,1,L,18,10,
2026-Jan,2026-01-13,Owen,DCO,1,L,18,16,
2026-Jan,2026-01-13,Owen,DCO,1,R,18,7,
2026-Jan,2026-01-13,Owen,DCO,1,R,8,9,
2026-Jan,2026-01-13,Owen,DCO,1,R,7,9,
2026-Jan,2026-01-13,Owen,DCO,1,R,7,10,
2026-Jan,2026-01-13,Owen,DCO,2,R,24,30,
2026-Jan,2026-01-13,Owen,DCO,2,R,1,20,
2026-Jan,2026-01-13,Owen,DCO,3,R,5,16,
2026-Jan,2026-01-13,Owen,DCO,3,R,6,12,
2026-Jan,2026-01-13,Owen,DCO,3,R,8,10,
2026-Jan,2026-01-13,Owen,DCO,3,R,15,9,
2026-Jan,2026-01-13,Owen,DCO,3,L,15,11,
2026-Apr,2026-04-24,Owen,ZM,1,R,30,30,
2026-Apr,2026-04-24,Owen,ZM,1,L,27,20,
2026-Apr,2026-04-24,Owen,ZM,1,L,26,30,
2026-Apr,2026-04-24,Owen,ZM,1,R,24,25,
2026-Apr,2026-04-24,Owen,ZM,1,L,20,40,
2026-Apr,2026-04-24,Owen,ZM,1,R,20,22,
2026-Apr,2026-04-24,Owen,ZM,1,L,16,32,
2026-Apr,2026-04-24,Owen,ZM,1,R,15,23,
2026-Apr,2026-04-24,Owen,ZM,1,R,12,27,
2026-Apr,2026-04-24,Owen,ZM,1,R,7,26,
2026-Apr,2026-04-24,Owen,ZM,2,R,2,32,
2026-Apr,2026-04-24,Owen,ZM,2,L,3,24,
2026-Apr,2026-04-24,Owen,ZM,2,L,5,28,
2026-Apr,2026-04-24,Owen,ZM,2,L,8,64,
2026-Apr,2026-04-24,Owen,ZM,2,L,10,30,
2026-Apr,2026-04-24,Owen,ZM,2,R,14,36,
2026-Apr,2026-04-24,Owen,ZM,2,R,15,44,
2026-Apr,2026-04-24,Owen,ZM,2,R,19,26,
2026-Apr,2026-04-24,Owen,ZM,2,L,20,32,
2026-Apr,2026-04-24,Owen,ZM,2,L,26,34,
2026-Jul,2026-07-06,Second,DVM,1,L,20,21,
2026-Jul,2026-07-06,Second,DVM,1,L,19,24,
2026-Jul,2026-07-06,Second,DVM,1,L,16,19,
2026-Jul,2026-07-06,Second,DVM,1,L,14,10,
2026-Jul,2026-07-06,Second,DVM,1,L,12,8,
2026-Jul,2026-07-06,Second,DVM,1,L,9,42,
2026-Jul,2026-07-06,Second,DVM,1,L,8,5,
2026-Jul,2026-07-06,Second,DVM,1,L,5,20,
2026-Jul,2026-07-06,Second,DVM,1,L,2,12,
2026-Jul,2026-07-06,Second,DVM,1,R,0,30,
2026-Jul,2026-07-06,Second,DVM,1,R,4,46,
2026-Jul,2026-07-06,Second,DVM,1,R,6,47,
2026-Jul,2026-07-06,Second,DVM,1,R,7,27,
2026-Jul,2026-07-06,Second,DVM,1,R,10,26,
2026-Jul,2026-07-06,Second,DVM,1,R,13,11,
2026-Jul,2026-07-07,North,OP,1,R,12,11,
2026-Jul,2026-07-07,North,OP,1,R,13,29,
2026-Jul,2026-07-07,North,OP,1,R,14,9,
2026-Jul,2026-07-07,North,OP,1,R,15,15,
2026-Jul,2026-07-07,North,OP,1,R,16,7,
2026-Jul,2026-07-07,North,OP,1,R,17,15,
2026-Jul,2026-07-07,North,OP,1,R,17,6,
2026-Jul,2026-07-07,North,OP,1,R,17,12,
2026-Jul,2026-07-07,North,OP,1,R,20,13,
2026-Jul,2026-07-07,North,OP,1,R,20,27,
2026-Jul,2026-07-07,North,OP,1,L,20,33,
2026-Jul,2026-07-07,North,OP,1,L,16,16,
2026-Jul,2026-07-07,North,OP,1,L,16,10,
2026-Jul,2026-07-07,North,OP,1,L,16,16,
2026-Jul,2026-07-07,North,OP,1,L,16,29,
2026-Jul,2026-07-06,Second,SMM,2,L,13,10,
2026-Jul,2026-07-06,Second,SMM,2,L,10,3,
2026-Jul,2026-07-06,Second,SMM,2,L,10,20,
2026-Jul,2026-07-06,Second,SMM,2,L,7,4,
2026-Jul,2026-07-06,Second,SMM,2,L,5,5,
2026-Jul,2026-07-06,Second,SMM,2,L,4,22,
2026-Jul,2026-07-06,Second,SMM,2,L,3,40,
2026-Jul,2026-07-06,Second,SMM,2,R,1,40,
2026-Jul,2026-07-06,Second,SMM,2,R,4,6,
2026-Jul,2026-07-06,Second,SMM,2,R,7,33,
2026-Jul,2026-07-06,Second,SMM,2,R,8,23,
2026-Jul,2026-07-06,Second,SMM,2,R,11,9,
2026-Jul,2026-07-06,Second,SMM,2,R,15,3,
2026-Jul,2026-07-06,Second,SMM,2,R,17,6,
2026-Jul,2026-07-06,Second,SMM,2,R,19,4,
2026-Jul,2026-07-07,North,SMM,2,L,20,22,
2026-Jul,2026-07-07,North,SMM,,L,16,2,
2026-Jul,2026-07-07,North,SMM,,L,11,4,
2026-Jul,2026-07-07,North,SMM,,R,8,8,
2026-Jul,2026-07-07,North,SMM,,L,9,2,
2026-Jul,2026-07-07,North,SMM,,L,9,1,
2026-Jul,2026-07-07,North,SMM,,L,9,20,
2026-Jul,2026-07-07,North,SMM,,L,12,2,
2026-Jul,2026-07-07,North,SMM,,L,14,18,
2026-Jul,2026-07-07,North,SMM,,L,15,2,
2026-Jul,2026-07-07,North,SMM,,L,18,6,
2026-Jul,2026-07-07,North,SMM,,L,18,2,
2026-Jul,2026-07-07,North,SMM,,L,19,5,
2026-Jul,2026-07-07,North,SMM,,R,20,11,
2026-Jul,2026-07-07,North,SMM,,R,20,2,
2026-Jul,2026-07-06,Second,DCO,,L,20,20,
2026-Jul,2026-07-06,Second,DCO,,L,19,4,
2026-Jul,2026-07-06,Second,DCO,,R,19,13,
2026-Jul,2026-07-06,Second,DCO,,L,15,21,
2026-Jul,2026-07-06,Second,DCO,,L,16,6,
2026-Jul,2026-07-06,Second,DCO,,R,16,10,
2026-Jul,2026-07-06,Second,DCO,,R,14,17,
2026-Jul,2026-07-06,Second,DCO,,R,14,36,
2026-Jul,2026-07-06,Second,DCO,,L,14,31,
2026-Jul,2026-07-06,Second,DCO,,L,14,29,
2026-Jul,2026-07-06,Second,DCO,,L,13,15,
2026-Jul,2026-07-06,Second,DCO,,R,13,10,
2026-Jul,2026-07-06,Second,DCO,,L,12,15,
2026-Jul,2026-07-06,Second,DCO,,L,10,32,
2026-Jul,2026-07-06,Second,DCO,,R,9,19,
2026-Jul,2026-07-07,North,DVM,3,R,0,21,
2026-Jul,2026-07-07,North,DVM,3,R,3,1,
2026-Jul,2026-07-07,North,DVM,3,R,4,28,
2026-Jul,2026-07-07,North,DVM,3,R,7,17,
2026-Jul,2026-07-07,North,DVM,3,R,8,22,
2026-Jul,2026-07-07,North,DVM,3,R,10,21,
2026-Jul,2026-07-07,North,DVM,3,R,13,8,
2026-Jul,2026-07-07,North,DVM,3,R,15,40,
2026-Jul,2026-07-07,North,DVM,3,R,16,8,
2026-Jul,2026-07-07,North,DVM,3,R,18,8,
2026-Jul,2026-07-07,North,DVM,3,R,20,16,
2026-Jul,2026-07-07,North,DVM,3,L,17,35,
2026-Jul,2026-07-07,North,DVM,3,L,15,22,
2026-Jul,2026-07-07,North,DVM,3,L,12,31,
2026-Jul,2026-07-07,North,DVM,3,L,10,7,
2026-Jul,2026-07-11,Manley,DCO,3,R,13,13,
2026-Jul,2026-07-11,Manley,DCO,na,na,na,9,took some extra measurements outside the plot
2026-Jul,2026-07-11,Manley,DCO,na,na,na,9,took some extra measurements outside the plot
2026-Jul,2026-07-11,Manley,DCO,na,na,na,26,took some extra measurements outside the plot
2026-Jul,2026-07-11,Manley,DCO,na,na,na,10,took some extra measurements outside the plot
2026-Jul,2026-07-13,Triquetta,SMM,3,L,19,3,
2026-Jul,2026-07-13,Triquetta,SMM,3,L,19,8,
2026-Jul,2026-07-13,Triquetta,SMM,3,L,19,28,
2026-Jul,2026-07-13,Triquetta,SMM,3,L,16,11,
2026-Jul,2026-07-13,Triquetta,SMM,3,L,16,2,
2026-Jul,2026-07-13,Triquetta,SMM,3,L,14,9,
2026-Jul,2026-07-13,Triquetta,SMM,3,L,12,3,
2026-Jul,2026-07-13,Triquetta,SMM,3,L,8,14,
2026-Jul,2026-07-13,Triquetta,SMM,3,L,6,2,
2026-Jul,2026-07-13,Triquetta,SMM,3,L,6,14,
2026-Jul,2026-07-13,Triquetta,SMM,3,R,3,19,
2026-Jul,2026-07-13,Triquetta,SMM,3,R,12,2,
2026-Jul,2026-07-13,Triquetta,SMM,3,R,12,6,
2026-Jul,2026-07-13,Triquetta,SMM,3,R,16,7,
2026-Jul,2026-07-13,Triquetta,SMM,3,R,16,9,
2026-Jul,2026-07-11,Manley,DVM,1,R,13,4,
2026-Jul,2026-07-11,Manley,DVM,1,R,15,5,
2026-Jul,2026-07-11,Manley,DVM,1,L,9,10,
2026-Jul,2026-07-13,Triquetta,DCO,2,L,0.5,17,
2026-Jul,2026-07-13,Triquetta,DCO,,R,12.8,9,
2026-Jul,2026-07-13,Triquetta,DCO,,R,15,11,
2026-Jul,2026-07-13,Triquetta,DCO,,R,24,17,"measurements taken on transect, but past the 20m mark. (at 24m)"
2026-Jul,2026-07-13,Triquetta,DCO,,R,24,26,"measurements taken on transect, but past the 20m mark. (at 24m)"
2026-Jul,2026-07-13,Triquetta,DCO,,L,18,6,
2026-Jul,2026-07-13,Triquetta,DCO,,L,15,12,
2026-Jul,2026-07-13,Triquetta,DCO,,L,15,15,
2026-Jul,2026-07-13,Triquetta,DCO,,L,12.5,6,
2026-Jul,2026-07-13,Triquetta,DCO,,L,12.5,7,
2026-Jul,2026-07-13,Triquetta,DCO,,L,10.8,18,
2026-Jul,2026-07-13,Triquetta,DCO,,L,4,17,
2026-Jul,2026-07-13,Triquetta,DCO,,L,4,16,
2026-Jul,2026-07-13,Triquetta,DCO,,L,3,10,
2026-Jul,2026-07-13,Triquetta,DCO,,L,3,7,
2026-Jul,2026-07-13,Triquetta,DVM,1,L,13.5,9,
2026-Jul,2026-07-13,Triquetta,DVM,1,L,10.8,8,
2026-Jul,2026-07-13,Triquetta,DVM,1,L,8,9,
2026-Jul,2026-07-13,Triquetta,DVM,1,L,8,13,
2026-Jul,2026-07-13,Triquetta,DVM,1,L,6,6,
2026-Jul,2026-07-13,Triquetta,DVM,1,L,9.5,11,
2026-Jul,2026-07-13,Triquetta,DVM,1,L,9,13,
2026-Jul,2026-07-13,Triquetta,DVM,1,L,10,10,
2026-Jul,2026-07-13,Triquetta,DVM,1,R,3.6,8,
2026-Jul,2026-07-13,Triquetta,DVM,1,R,10.1,7,
2026-Jul,2026-07-16,Breaker,DVM,3,L,19,57,
2026-Jul,2026-07-16,Breaker,DVM,3,L,18,41,
2026-Jul,2026-07-16,Breaker,DVM,3,L,16,24,
2026-Jul,2026-07-16,Breaker,DVM,3,L,15,48,
2026-Jul,2026-07-16,Breaker,DVM,3,L,13,22,
2026-Jul,2026-07-16,Breaker,DVM,3,L,12,41,
2026-Jul,2026-07-16,Breaker,DVM,3,L,11,52,
2026-Jul,2026-07-16,Breaker,DVM,3,R,9,40,
2026-Jul,2026-07-16,Breaker,DVM,3,R,8,60,
2026-Jul,2026-07-16,Breaker,DVM,3,R,8,38,
2026-Jul,2026-07-16,Breaker,DVM,3,R,6,42,
2026-Jul,2026-07-16,Breaker,DVM,3,R,5,45,
2026-Jul,2026-07-16,Breaker,DVM,3,R,3,32,
2026-Jul,2026-07-16,Breaker,DVM,3,R,3,34,
2026-Jul,2026-07-16,Breaker,DVM,3,R,0,25,
2026-Jul,2026-07-16,Ratatouille,BW,2,L,1,39,
2026-Jul,2026-07-16,Ratatouille,BW,2,L,2,61,
2026-Jul,2026-07-16,Ratatouille,BW,2,L,2,43,
2026-Jul,2026-07-16,Ratatouille,BW,2,L,3,12,
2026-Jul,2026-07-16,Ratatouille,BW,2,L,4,40,
2026-Jul,2026-07-16,Ratatouille,BW,2,L,6,47,
2026-Jul,2026-07-16,Ratatouille,BW,2,L,8,27,
2026-Jul,2026-07-16,Ratatouille,BW,2,L,8,33,
2026-Jul,2026-07-16,Ratatouille,BW,2,L,11,36,
2026-Jul,2026-07-16,Ratatouille,BW,2,L,11,42,
2026-Jul,2026-07-16,Ratatouille,BW,2,L,11,52,
2026-Jul,2026-07-16,Ratatouille,BW,2,L,13,54,
2026-Jul,2026-07-16,Ratatouille,BW,2,L,13,41,
2026-Jul,2026-07-16,Ratatouille,BW,2,L,14,28,
2026-Jul,2026-07-16,Ratatouille,BW,2,L,16,51,
2026-Jul,2026-07-16,Ratatouille,DVM,1,L,20,32,
2026-Jul,2026-07-16,Ratatouille,DVM,1,L,19,21,
2026-Jul,2026-07-16,Ratatouille,DVM,1,L,17,32,
2026-Jul,2026-07-16,Ratatouille,DVM,1,L,16,19,
2026-Jul,2026-07-16,Ratatouille,DVM,1,L,15,15,
2026-Jul,2026-07-16,Ratatouille,DVM,1,L,14,9,
2026-Jul,2026-07-16,Ratatouille,DVM,1,L,13,8,
2026-Jul,2026-07-16,Ratatouille,DVM,1,L,12,18,
2026-Jul,2026-07-16,Ratatouille,DVM,1,L,11,14,
2026-Jul,2026-07-16,Ratatouille,DVM,1,L,9,5,
2026-Jul,2026-07-16,Ratatouille,DVM,1,L,7,11,
2026-Jul,2026-07-16,Ratatouille,DVM,1,R,3,36,
2026-Jul,2026-07-16,Ratatouille,DVM,1,R,2,4,
2026-Jul,2026-07-16,Ratatouille,DVM,1,R,2,21,
2026-Jul,2026-07-16,Ratatouille,DVM,1,R,1,8,
2026-Jul,2026-07-16,Breaker,BW,2,L,17,20,
2026-Jul,2026-07-16,Breaker,BW,2,L,16,28,
2026-Jul,2026-07-16,Breaker,BW,2,L,14,35,
2026-Jul,2026-07-16,Breaker,BW,2,R,13,62,
2026-Jul,2026-07-16,Breaker,BW,2,L,11,39,
2026-Jul,2026-07-16,Breaker,BW,2,R,12,23,
2026-Jul,2026-07-16,Breaker,BW,2,L,10,24,
2026-Jul,2026-07-16,Breaker,BW,2,L,10,50,
2026-Jul,2026-07-16,Breaker,BW,2,L,9,59,
2026-Jul,2026-07-16,Breaker,BW,2,L,11,19,
2026-Jul,2026-07-16,Breaker,BW,2,R,12,9,
2026-Jul,2026-07-16,Breaker,BW,2,R,14,61,
2026-Jul,2026-07-16,Breaker,BW,2,R,14,46,
2026-Jul,2026-07-16,Breaker,BW,2,R,17,7,
2026-Jul,2026-07-16,Breaker,OP,1,L,6,48,
2026-Jul,2026-07-16,Breaker,OP,1,L,9,26,
2026-Jul,2026-07-16,Breaker,OP,1,L,9,48,
2026-Jul,2026-07-16,Breaker,OP,1,R,4,17,
2026-Jul,2026-07-16,Breaker,OP,1,R,4,50,
2026-Jul,2026-07-16,Breaker,OP,1,R,4,33,
2026-Jul,2026-07-16,Breaker,OP,1,R,4,36,
2026-Jul,2026-07-16,Breaker,OP,1,L,1,43,
2026-Jul,2026-07-16,Breaker,OP,1,L,1,40,
2026-Jul,2026-07-16,Breaker,OP,1,L,1,60,
2026-Jul,2026-07-16,Breaker,OP,1,R,17,4,
2026-Jul,2026-07-16,Breaker,OP,1,R,17,9,
2026-Jul,2026-07-16,Breaker,OP,1,R,17,11,
2026-Jul,2026-07-16,Breaker,OP,1,R,20,21,
2026-Jul,2026-07-16,Breaker,OP,1,R,20,11,
2026-Jul,2026-07-16,Ratatouille,OP,3,R,1,23,
2026-Jul,2026-07-16,Ratatouille,OP,3,R,1,18,
2026-Jul,2026-07-16,Ratatouille,OP,3,R,1,28,
2026-Jul,2026-07-16,Ratatouille,OP,3,R,1,25,
2026-Jul,2026-07-16,Ratatouille,OP,3,R,1,28,
2026-Jul,2026-07-16,Ratatouille,OP,3,R,7,59,
2026-Jul,2026-07-16,Ratatouille,OP,3,R,7,54,
2026-Jul,2026-07-16,Ratatouille,OP,3,R,16,41,
2026-Jul,2026-07-16,Ratatouille,OP,3,R,16,41,
2026-Jul,2026-07-16,Ratatouille,OP,3,L,17,21,
2026-Jul,2026-07-16,Ratatouille,OP,3,L,20,31,
2026-Jul,2026-07-16,Ratatouille,OP,3,L,20,35,
2026-Jul,2026-07-16,Ratatouille,OP,3,L,20,33,
2026-Jul,2026-07-16,Ratatouille,OP,3,L,20,50,
2026-Jul,2026-07-16,Ratatouille,OP,3,L,20,49,